state,year,sex,count,population,crude_rate_100k
Alabama,1999,Female,71,614276,11.56
Alabama,1999,Male,86,641581,13.4
Arizona,1999,Female,106,720215,14.719999999999999
Arizona,1999,Male,105,760197,13.81
Arkansas,1999,Female,52,371308,14
Arkansas,1999,Male,52,391097,13.3
California,1999,Female,725,4939912,14.680000000000001
California,1999,Male,894,5222130,17.12
Colorado,1999,Female,94,584561,16.080000000000002
Colorado,1999,Male,98,620339,15.8
Connecticut,1999,Female,78,447501,17.430000000000003
Connecticut,1999,Male,66,469916,14.05
Delaware,1999,Female,18,105777,17.02
Delaware,1999,Male,18,109950,16.37
Florida,1999,Female,284,1949681,14.57
Florida,1999,Male,368,2053599,17.919999999999998
Georgia,1999,Female,151,1155530,13.07
Georgia,1999,Male,175,1217898,14.37
Hawaii,1999,Female,26,160382,16.21
Hawaii,1999,Male,27,170668,15.82
Idaho,1999,Female,34,200963,16.919999999999998
Idaho,1999,Male,35,210518,16.630000000000003
Illinois,1999,Female,277,1752623,15.8
Illinois,1999,Male,311,1846487,16.84
Indiana,1999,Female,149,855357,17.419999999999998
Indiana,1999,Male,147,900192,16.330000000000002
Iowa,1999,Female,62,403495,15.37
Iowa,1999,Male,61,424351,14.37
Kansas,1999,Female,50,387705,12.9
Kansas,1999,Male,60,410323,14.62
Kentucky,1999,Female,68,543269,12.520000000000001
Kentucky,1999,Male,102,573108,17.8
Louisiana,1999,Female,102,675580,15.100000000000001
Louisiana,1999,Male,103,700761,14.700000000000001
Maine,1999,Female,23,163912,14.030000000000001
Maine,1999,Male,40,172484,23.19
Maryland,1999,Female,102,725011,14.07
Maryland,1999,Male,149,757850,19.66
Massachusetts,1999,Female,124,814967,15.219999999999999
Massachusetts,1999,Male,138,851619,16.2
Michigan,1999,Female,199,1404818,14.17
Michigan,1999,Male,237,1476354,16.05
Minnesota,1999,Female,108,696913,15.5
Minnesota,1999,Male,115,732592,15.700000000000001
Missouri,1999,Female,104,778455,13.36
Missouri,1999,Male,117,815746,14.340000000000002
Montana,1999,Female,18,125524,14.340000000000002
Montana,1999,Male,27,133156,20.28
Nebraska,1999,Female,36,246675,14.590000000000002
Nebraska,1999,Male,48,258601,18.56
Nevada,1999,Female,35,263069,13.3
Nevada,1999,Male,42,278475,15.080000000000002
New Hampshire,1999,Male,32,174871,18.3
New Jersey,1999,Female,186,1102784,16.87
New Jersey,1999,Male,211,1160920,18.180000000000003
New Mexico,1999,Female,40,278067,14.39
New Mexico,1999,Male,51,289319,17.630000000000003
New York,1999,Female,397,2530378,15.690000000000001
New York,1999,Male,472,2657544,17.76
North Carolina,1999,Female,156,1052926,14.82
North Carolina,1999,Male,176,1105656,15.92
Ohio,1999,Female,216,1575388,13.71
Ohio,1999,Male,315,1646739,19.130000000000003
Oklahoma,1999,Female,68,488627,13.92
Oklahoma,1999,Male,83,516141,16.080000000000002
Oregon,1999,Female,77,458580,16.790000000000003
Oregon,1999,Male,91,482249,18.87
Pennsylvania,1999,Female,248,1598795,15.51
Pennsylvania,1999,Male,300,1676862,17.89
Rhode Island,1999,Female,18,137017,13.14
Rhode Island,1999,Male,19,143469,13.240000000000002
South Carolina,1999,Female,68,553723,12.280000000000001
South Carolina,1999,Male,77,578644,13.31
Tennessee,1999,Female,80,754251,10.61
Tennessee,1999,Male,94,794645,11.83
Texas,1999,Female,480,3160613,15.190000000000001
Texas,1999,Male,629,3327775,18.900000000000002
Utah,1999,Female,57,395887,14.4
Utah,1999,Male,72,412368,17.46
Vermont,1999,Male,20,85401,23.42
Virginia,1999,Female,128,937743,13.65
Virginia,1999,Male,145,981214,14.780000000000001
Washington,1999,Female,154,815075,18.89
Washington,1999,Male,119,859921,13.840000000000002
West Virginia,1999,Female,33,224124,14.719999999999999
West Virginia,1999,Male,44,236714,18.59
Wisconsin,1999,Female,125,746065,16.75
Wisconsin,1999,Male,114,784226,14.540000000000001
Alabama,2000,Female,103,613727,16.78
Alabama,2000,Male,101,641620,15.740000000000002
Arizona,2000,Female,100,742131,13.469999999999999
Arizona,2000,Male,145,783711,18.5
Arkansas,2000,Female,58,370570,15.65
Arkansas,2000,Male,59,390214,15.12
California,2000,Female,740,4985763,14.840000000000002
California,2000,Male,865,5270161,16.41
Colorado,2000,Female,99,597197,16.580000000000002
Colorado,2000,Male,109,634046,17.19
Connecticut,2000,Female,76,451742,16.82
Connecticut,2000,Male,101,474410,21.290000000000003
Delaware,2000,Female,20,107175,18.66
Delaware,2000,Male,20,111474,17.94
Florida,2000,Female,306,1976722,15.480000000000002
Florida,2000,Male,404,2081867,19.41
Georgia,2000,Female,158,1179245,13.4
Georgia,2000,Male,209,1243730,16.8
Hawaii,2000,Male,25,168623,14.830000000000002
Idaho,2000,Female,31,202891,15.280000000000001
Idaho,2000,Male,31,212628,14.580000000000002
Illinois,2000,Female,278,1755512,15.840000000000002
Illinois,2000,Male,267,1850835,14.430000000000001
Indiana,2000,Female,133,859630,15.469999999999999
Indiana,2000,Male,149,904982,16.46
Iowa,2000,Female,71,403411,17.6
Iowa,2000,Male,77,424513,18.14
Kansas,2000,Female,48,388484,12.36
Kansas,2000,Male,62,411087,15.080000000000002
Kentucky,2000,Female,88,542212,16.23
Kentucky,2000,Male,105,571932,18.36
Louisiana,2000,Female,91,670352,13.57
Louisiana,2000,Male,101,695645,14.52
Maine,2000,Female,26,163568,15.9
Maine,2000,Male,24,172146,13.940000000000001
Maryland,2000,Female,105,730276,14.380000000000003
Maryland,2000,Male,117,763506,15.32
Massachusetts,2000,Female,133,819722,16.23
Massachusetts,2000,Male,152,856707,17.740000000000002
Michigan,2000,Female,244,1406219,17.35
Michigan,2000,Male,249,1478761,16.84
Minnesota,2000,Female,104,700886,14.840000000000002
Minnesota,2000,Male,155,737224,21.02
Missouri,2000,Female,118,778994,15.15
Missouri,2000,Male,142,816260,17.400000000000002
Montana,2000,Female,31,125002,24.8
Montana,2000,Male,29,132556,21.880000000000003
Nebraska,2000,Female,38,246303,15.430000000000001
Nebraska,2000,Male,37,258295,14.32
Nevada,2000,Female,38,274980,13.82
Nevada,2000,Male,56,291276,19.230000000000004
New Hampshire,2000,Female,29,168590,17.2
New Hampshire,2000,Male,25,176412,14.17
New Jersey,2000,Female,196,1113261,17.61
New Jersey,2000,Male,216,1172151,18.430000000000003
New Mexico,2000,Female,43,276697,15.540000000000001
New Mexico,2000,Male,42,287829,14.590000000000002
New York,2000,Female,428,2538975,16.86
New York,2000,Male,474,2667901,17.77
North Carolina,2000,Female,143,1070510,13.36
North Carolina,2000,Male,200,1126010,17.76
Ohio,2000,Female,192,1571663,12.22
Ohio,2000,Male,289,1642936,17.59
Oklahoma,2000,Female,70,487375,14.36
Oklahoma,2000,Male,81,514569,15.740000000000002
Oregon,2000,Female,60,460794,13.02
Oregon,2000,Male,87,484576,17.95
Pennsylvania,2000,Female,265,1594597,16.62
Pennsylvania,2000,Male,296,1672607,17.7
Rhode Island,2000,Female,32,138243,23.150000000000002
Rhode Island,2000,Male,29,144561,20.060000000000002
South Carolina,2000,Female,68,555682,12.240000000000002
South Carolina,2000,Male,91,581975,15.64
Tennessee,2000,Female,95,760746,12.490000000000002
Tennessee,2000,Male,120,801849,14.969999999999999
Texas,2000,Female,530,3199158,16.57
Texas,2000,Male,607,3369441,18.01
Utah,2000,Female,67,399005,16.790000000000003
Utah,2000,Male,78,415628,18.77
Virginia,2000,Female,140,947922,14.77
Virginia,2000,Male,153,992332,15.42
Washington,2000,Female,131,820496,15.969999999999999
Washington,2000,Male,152,865727,17.56
West Virginia,2000,Female,29,220575,13.15
West Virginia,2000,Male,42,232878,18.040000000000003
Wisconsin,2000,Female,128,747843,17.12
Wisconsin,2000,Male,131,786134,16.66
Alabama,2001,Female,92,610857,15.06
Alabama,2001,Male,83,638774,12.990000000000002
Alaska,2001,Male,17,107575,15.8
Arizona,2001,Female,121,752041,16.09
Arizona,2001,Male,143,794597,18
Arkansas,2001,Female,74,368451,20.080000000000002
Arkansas,2001,Male,58,388428,14.930000000000001
California,2001,Female,785,5011431,15.66
California,2001,Male,954,5302449,17.990000000000002
Colorado,2001,Female,95,609965,15.57
Colorado,2001,Male,104,646862,16.080000000000002
Connecticut,2001,Female,92,455697,20.19
Connecticut,2001,Male,91,479033,19
Delaware,2001,Female,27,107556,25.1
Delaware,2001,Male,21,112238,18.71
Florida,2001,Female,333,2005973,16.6
Florida,2001,Male,426,2115501,20.14
Georgia,2001,Female,184,1196975,15.37
Georgia,2001,Male,208,1263294,16.46
Hawaii,2001,Female,22,157843,13.940000000000001
Hawaii,2001,Male,40,168865,23.69
Idaho,2001,Female,39,204337,19.09
Idaho,2001,Male,48,214613,22.37
Illinois,2001,Female,275,1753957,15.680000000000001
Illinois,2001,Male,319,1849233,17.25
Indiana,2001,Female,154,860815,17.89
Indiana,2001,Male,153,906569,16.880000000000003
Iowa,2001,Female,69,402005,17.16
Iowa,2001,Male,76,422751,17.98
Kansas,2001,Female,51,387706,13.15
Kansas,2001,Male,78,410919,18.98
Kentucky,2001,Female,94,539233,17.430000000000003
Kentucky,2001,Male,112,570608,19.630000000000003
Louisiana,2001,Female,96,661802,14.51
Louisiana,2001,Male,103,687320,14.990000000000002
Maine,2001,Female,33,163419,20.19
Maine,2001,Male,29,172169,16.84
Maryland,2001,Female,77,736343,10.46
Maryland,2001,Male,92,769733,11.950000000000001
Massachusetts,2001,Female,131,823181,15.91
Massachusetts,2001,Male,133,859833,15.469999999999999
Michigan,2001,Female,257,1403615,18.31
Michigan,2001,Male,274,1477058,18.55
Minnesota,2001,Female,124,704435,17.6
Minnesota,2001,Male,144,739300,19.480000000000004
Missouri,2001,Female,108,777368,13.89
Missouri,2001,Male,112,815697,13.730000000000002
Montana,2001,Male,28,132012,21.21
Nebraska,2001,Female,36,246481,14.61
Nebraska,2001,Male,53,258505,20.5
Nevada,2001,Female,42,283309,14.82
Nevada,2001,Male,61,300751,20.28
New Hampshire,2001,Female,29,169922,17.07
New Hampshire,2001,Male,34,177889,19.11
New Jersey,2001,Female,197,1121730,17.56
New Jersey,2001,Male,266,1181518,22.51
New Mexico,2001,Female,52,274565,18.94
New Mexico,2001,Male,51,286193,17.82
New York,2001,Female,460,2532741,18.16
New York,2001,Male,475,2661037,17.85
North Carolina,2001,Female,161,1089811,14.77
North Carolina,2001,Male,179,1149536,15.57
North Dakota,2001,Male,19,93291,20.37
Ohio,2001,Female,238,1563167,15.230000000000002
Ohio,2001,Male,258,1637083,15.76
Oklahoma,2001,Female,79,484505,16.31
Oklahoma,2001,Male,81,512293,15.81
Oregon,2001,Female,88,461359,19.07
Oregon,2001,Male,80,485658,16.47
Pennsylvania,2001,Female,251,1589658,15.790000000000001
Pennsylvania,2001,Male,322,1667308,19.310000000000002
Rhode Island,2001,Female,24,138282,17.36
Rhode Island,2001,Male,33,144775,22.790000000000003
South Carolina,2001,Female,73,556835,13.11
South Carolina,2001,Male,89,583737,15.25
South Dakota,2001,Female,16,110305,14.51
Tennessee,2001,Female,113,761837,14.830000000000002
Tennessee,2001,Male,135,803867,16.790000000000003
Texas,2001,Female,544,3238271,16.8
Texas,2001,Male,703,3412621,20.6
Utah,2001,Female,68,400821,16.97
Utah,2001,Male,70,418467,16.73
Vermont,2001,Male,20,85252,23.46
Virginia,2001,Female,117,957203,12.22
Virginia,2001,Male,140,1003761,13.950000000000001
Washington,2001,Female,168,820447,20.480000000000004
Washington,2001,Male,145,867564,16.71
West Virginia,2001,Female,32,216903,14.75
West Virginia,2001,Male,43,229436,18.740000000000002
Wisconsin,2001,Female,133,749078,17.76
Wisconsin,2001,Male,144,786440,18.31
Alabama,2002,Female,76,608424,12.490000000000002
Alabama,2002,Male,115,636011,18.080000000000002
Alaska,2002,Female,19,100688,18.87
Alaska,2002,Male,25,107797,23.19
Arizona,2002,Female,116,765762,15.15
Arizona,2002,Male,156,809887,19.26
Arkansas,2002,Female,43,367835,11.690000000000001
Arkansas,2002,Male,44,387739,11.350000000000001
California,2002,Female,789,5033667,15.67
California,2002,Male,998,5321236,18.76
Colorado,2002,Female,96,615618,15.590000000000002
Colorado,2002,Male,109,653795,16.669999999999998
Connecticut,2002,Female,78,458378,17.02
Connecticut,2002,Male,90,482451,18.650000000000002
Delaware,2002,Female,19,108298,17.540000000000003
Florida,2002,Female,377,2038786,18.490000000000002
Florida,2002,Male,397,2151516,18.45
Georgia,2002,Female,174,1214090,14.330000000000002
Georgia,2002,Male,224,1279802,17.5
Hawaii,2002,Female,18,157982,11.39
Hawaii,2002,Male,19,168705,11.26
Idaho,2002,Female,37,205897,17.97
Idaho,2002,Male,48,215628,22.26
Illinois,2002,Female,280,1750754,15.990000000000002
Illinois,2002,Male,302,1843435,16.380000000000003
Indiana,2002,Female,165,859967,19.19
Indiana,2002,Male,160,904719,17.69
Iowa,2002,Female,69,398318,17.32
Iowa,2002,Male,89,419241,21.230000000000004
Kansas,2002,Female,64,386746,16.55
Kansas,2002,Male,77,409224,18.82
Kentucky,2002,Female,81,538943,15.030000000000001
Kentucky,2002,Male,108,570701,18.919999999999998
Louisiana,2002,Female,84,655926,12.81
Louisiana,2002,Male,117,682541,17.14
Maine,2002,Female,26,162770,15.969999999999999
Maine,2002,Male,39,171758,22.71
Maryland,2002,Female,98,743031,13.190000000000001
Maryland,2002,Male,134,776094,17.27
Massachusetts,2002,Female,118,824045,14.32
Massachusetts,2002,Male,145,859544,16.87
Michigan,2002,Female,247,1398619,17.66
Michigan,2002,Male,297,1471243,20.19
Minnesota,2002,Female,101,702268,14.380000000000003
Minnesota,2002,Male,148,736791,20.090000000000003
Missouri,2002,Female,99,775663,12.76
Missouri,2002,Male,148,814009,18.180000000000003
Montana,2002,Female,25,123074,20.310000000000002
Montana,2002,Male,28,130444,21.47
Nebraska,2002,Female,36,246202,14.62
Nebraska,2002,Male,45,257986,17.44
Nevada,2002,Female,35,292229,11.98
Nevada,2002,Male,55,310483,17.71
New Hampshire,2002,Female,26,170389,15.26
New Hampshire,2002,Male,30,178545,16.8
New Jersey,2002,Female,203,1129980,17.96
New Jersey,2002,Male,218,1188774,18.34
New Mexico,2002,Female,41,274365,14.940000000000001
New Mexico,2002,Male,68,286459,23.740000000000002
New York,2002,Female,445,2525562,17.62
New York,2002,Male,467,2652293,17.61
North Carolina,2002,Female,150,1105879,13.56
North Carolina,2002,Male,192,1167658,16.44
Ohio,2002,Female,228,1554036,14.67
Ohio,2002,Male,280,1628091,17.2
Oklahoma,2002,Female,76,483573,15.719999999999999
Oklahoma,2002,Male,76,511551,14.86
Oregon,2002,Female,79,462303,17.09
Oregon,2002,Male,97,486814,19.930000000000003
Pennsylvania,2002,Female,291,1585210,18.36
Pennsylvania,2002,Male,324,1662179,19.490000000000002
Rhode Island,2002,Female,19,138965,13.67
Rhode Island,2002,Male,25,145173,17.22
South Carolina,2002,Female,87,558587,15.580000000000002
South Carolina,2002,Male,94,586584,16.02
South Dakota,2002,Male,26,114938,22.62
Tennessee,2002,Female,108,764696,14.12
Tennessee,2002,Male,120,806160,14.89
Texas,2002,Female,535,3276836,16.330000000000002
Texas,2002,Male,640,3454242,18.53
Utah,2002,Female,65,403002,16.130000000000003
Utah,2002,Male,79,420857,18.77
Vermont,2002,Male,28,84764,33.03
Virginia,2002,Female,133,967773,13.740000000000002
Virginia,2002,Male,168,1013188,16.580000000000002
Washington,2002,Female,145,820636,17.669999999999998
Washington,2002,Male,167,867259,19.26
West Virginia,2002,Female,36,215155,16.73
West Virginia,2002,Male,42,228223,18.400000000000002
Wisconsin,2002,Female,111,747933,14.840000000000002
Wisconsin,2002,Male,157,784619,20.01
Alabama,2003,Female,89,607627,14.65
Alabama,2003,Male,84,635022,13.230000000000002
Alaska,2003,Male,22,107333,20.5
Arizona,2003,Female,117,781162,14.980000000000002
Arizona,2003,Male,123,825163,14.91
Arkansas,2003,Female,67,368732,18.169999999999998
Arkansas,2003,Male,72,388195,18.55
California,2003,Female,761,5063045,15.030000000000001
California,2003,Male,870,5344576,16.28
Colorado,2003,Female,99,619299,15.990000000000002
Colorado,2003,Male,141,657129,21.46
Connecticut,2003,Female,81,460078,17.61
Connecticut,2003,Male,102,484020,21.07
Delaware,2003,Female,22,109202,20.150000000000002
Delaware,2003,Male,24,113678,21.11
Florida,2003,Female,367,2069453,17.73
Florida,2003,Male,392,2182686,17.96
Georgia,2003,Female,195,1231717,15.830000000000002
Georgia,2003,Male,183,1294541,14.14
Hawaii,2003,Female,18,158251,11.370000000000001
Hawaii,2003,Male,28,169068,16.56
Idaho,2003,Female,40,207207,19.3
Idaho,2003,Male,51,217270,23.47
Illinois,2003,Female,290,1745208,16.62
Illinois,2003,Male,281,1836094,15.3
Indiana,2003,Female,124,861745,14.39
Indiana,2003,Male,161,906016,17.77
Iowa,2003,Female,52,396774,13.11
Iowa,2003,Male,80,417125,19.180000000000003
Kansas,2003,Female,62,385844,16.07
Kansas,2003,Male,68,408432,16.650000000000002
Kentucky,2003,Female,85,540892,15.71
Kentucky,2003,Male,95,571975,16.61
Louisiana,2003,Female,94,652630,14.4
Louisiana,2003,Male,115,678947,16.94
Maine,2003,Female,32,162161,19.730000000000004
Maine,2003,Male,30,171485,17.490000000000002
Maryland,2003,Female,93,746424,12.46
Maryland,2003,Male,145,780073,18.59
Massachusetts,2003,Female,153,821495,18.62
Massachusetts,2003,Male,138,856851,16.11
Michigan,2003,Female,222,1393338,15.930000000000001
Michigan,2003,Male,276,1465686,18.830000000000002
Minnesota,2003,Female,109,700524,15.56
Minnesota,2003,Male,123,734822,16.740000000000002
Mississippi,2003,Female,60,417068,14.39
Mississippi,2003,Male,71,434296,16.35
Missouri,2003,Female,120,775307,15.480000000000002
Missouri,2003,Male,130,813397,15.980000000000002
Montana,2003,Female,18,122289,14.719999999999999
Montana,2003,Male,23,129877,17.71
Nebraska,2003,Female,45,245863,18.3
Nebraska,2003,Male,46,257862,17.84
Nevada,2003,Female,37,301940,12.25
Nevada,2003,Male,49,319635,15.330000000000002
New Hampshire,2003,Female,34,169891,20.01
New Hampshire,2003,Male,38,178305,21.310000000000002
New Jersey,2003,Female,205,1135524,18.05
New Jersey,2003,Male,225,1194782,18.830000000000002
New Mexico,2003,Female,34,274266,12.4
New Mexico,2003,Male,54,285637,18.91
New York,2003,Female,454,2512692,18.07
New York,2003,Male,438,2636776,16.61
North Carolina,2003,Female,171,1121213,15.25
North Carolina,2003,Male,179,1179627,15.17
North Dakota,2003,Male,28,90169,31.05
Ohio,2003,Female,263,1547682,16.990000000000002
Ohio,2003,Male,311,1622015,19.169999999999998
Oklahoma,2003,Female,73,482541,15.130000000000003
Oklahoma,2003,Male,84,509843,16.48
Oregon,2003,Female,76,462638,16.430000000000003
Oregon,2003,Male,82,486692,16.85
Pennsylvania,2003,Female,273,1581673,17.26
Pennsylvania,2003,Male,328,1658065,19.78
Rhode Island,2003,Female,26,138877,18.72
Rhode Island,2003,Male,26,145051,17.919999999999998
South Carolina,2003,Female,80,561728,14.240000000000002
South Carolina,2003,Male,75,588220,12.75
South Dakota,2003,Male,18,114249,15.76
Tennessee,2003,Female,123,771554,15.940000000000001
Tennessee,2003,Male,134,810726,16.53
Texas,2003,Female,579,3318066,17.45
Texas,2003,Male,668,3491617,19.130000000000003
Utah,2003,Female,60,405609,14.790000000000001
Utah,2003,Male,88,423815,20.76
Virginia,2003,Female,135,975273,13.840000000000002
Virginia,2003,Male,159,1018995,15.600000000000001
Washington,2003,Female,139,820640,16.94
Washington,2003,Male,132,866217,15.240000000000002
West Virginia,2003,Female,31,214517,14.450000000000001
West Virginia,2003,Male,45,227180,19.810000000000002
Wisconsin,2003,Female,147,745034,19.730000000000004
Wisconsin,2003,Male,141,781702,18.040000000000003
Alabama,2004,Female,105,609166,17.240000000000002
Alabama,2004,Male,116,635681,18.25
Alaska,2004,Female,17,100157,16.97
Alaska,2004,Male,16,107160,14.930000000000001
Arizona,2004,Female,141,799451,17.64
Arizona,2004,Male,134,844500,15.87
Arkansas,2004,Female,53,370890,14.290000000000001
Arkansas,2004,Male,56,390292,14.350000000000001
California,2004,Female,823,5082540,16.19
California,2004,Male,1022,5361185,19.06
Colorado,2004,Female,95,621161,15.290000000000001
Colorado,2004,Male,121,657813,18.39
Connecticut,2004,Female,74,459660,16.1
Connecticut,2004,Male,94,483586,19.44
Delaware,2004,Female,26,110214,23.590000000000003
Delaware,2004,Male,21,114701,18.31
Florida,2004,Female,336,2112319,15.91
Florida,2004,Male,408,2226376,18.330000000000002
Georgia,2004,Female,193,1250601,15.430000000000001
Georgia,2004,Male,201,1312422,15.32
Hawaii,2004,Female,20,160304,12.48
Hawaii,2004,Male,28,170748,16.400000000000002
Idaho,2004,Female,40,209667,19.080000000000002
Idaho,2004,Male,37,220193,16.8
Illinois,2004,Female,302,1740173,17.35
Illinois,2004,Male,314,1831541,17.14
Indiana,2004,Female,136,864589,15.730000000000002
Indiana,2004,Male,152,908844,16.72
Iowa,2004,Female,57,396110,14.39
Iowa,2004,Male,69,416124,16.580000000000002
Kansas,2004,Female,70,384577,18.2
Kansas,2004,Male,69,406731,16.96
Kentucky,2004,Female,87,541603,16.06
Kentucky,2004,Male,110,571857,19.240000000000002
Louisiana,2004,Female,94,649800,14.469999999999999
Louisiana,2004,Male,97,676227,14.340000000000002
Maine,2004,Female,28,161297,17.36
Maine,2004,Male,40,170535,23.46
Maryland,2004,Female,108,750135,14.4
Maryland,2004,Male,113,783137,14.430000000000001
Massachusetts,2004,Female,119,817002,14.57
Massachusetts,2004,Male,168,851498,19.730000000000004
Michigan,2004,Female,226,1388317,16.28
Michigan,2004,Male,273,1458863,18.71
Minnesota,2004,Female,132,700493,18.84
Minnesota,2004,Male,161,734040,21.930000000000003
Mississippi,2004,Female,40,417730,9.58
Mississippi,2004,Male,47,434800,10.81
Missouri,2004,Female,120,775993,15.46
Missouri,2004,Male,138,814311,16.95
Montana,2004,Female,28,121947,22.96
Montana,2004,Male,26,129339,20.1
Nebraska,2004,Female,47,245909,19.11
Nebraska,2004,Male,49,257967,18.990000000000002
Nevada,2004,Female,56,314397,17.81
Nevada,2004,Male,57,332783,17.130000000000003
New Hampshire,2004,Female,40,169245,23.630000000000003
New Hampshire,2004,Male,38,177608,21.400000000000002
New Jersey,2004,Female,206,1138918,18.09
New Jersey,2004,Male,250,1197982,20.87
New Mexico,2004,Female,49,274809,17.830000000000002
New Mexico,2004,Male,51,285904,17.84
New York,2004,Female,448,2495044,17.96
New York,2004,Male,534,2615625,20.42
North Carolina,2004,Female,190,1136241,16.72
North Carolina,2004,Male,214,1194476,17.919999999999998
North Dakota,2004,Female,17,84248,20.180000000000003
North Dakota,2004,Male,16,89485,17.880000000000003
Ohio,2004,Female,248,1543300,16.07
Ohio,2004,Male,310,1616851,19.169999999999998
Oklahoma,2004,Female,93,481617,19.310000000000002
Oklahoma,2004,Male,87,508474,17.11
Oregon,2004,Female,80,461064,17.35
Oregon,2004,Male,94,484816,19.39
Pennsylvania,2004,Female,271,1580150,17.150000000000002
Pennsylvania,2004,Male,316,1655286,19.09
Rhode Island,2004,Female,31,138630,22.36
Rhode Island,2004,Male,25,144670,17.28
South Carolina,2004,Female,90,565924,15.9
South Carolina,2004,Male,93,592462,15.700000000000001
South Dakota,2004,Female,17,108101,15.730000000000002
South Dakota,2004,Male,22,114028,19.290000000000003
Tennessee,2004,Female,139,777647,17.87
Tennessee,2004,Male,149,816716,18.240000000000002
Texas,2004,Female,572,3360479,17.02
Texas,2004,Male,717,3533319,20.290000000000003
Utah,2004,Female,67,410700,16.31
Utah,2004,Male,71,428514,16.57
Vermont,2004,Male,20,83440,23.97
Virginia,2004,Female,148,987064,14.990000000000002
Virginia,2004,Male,177,1031257,17.16
Washington,2004,Female,140,825434,16.96
Washington,2004,Male,177,870196,20.340000000000003
West Virginia,2004,Female,37,214632,17.240000000000002
West Virginia,2004,Male,41,226923,18.07
Wisconsin,2004,Female,104,743378,13.990000000000002
Wisconsin,2004,Male,118,780299,15.12
Alabama,2005,Female,82,610296,13.440000000000001
Alabama,2005,Male,88,637262,13.81
Alaska,2005,Male,17,106436,15.969999999999999
Arizona,2005,Female,150,824778,18.19
Arizona,2005,Male,146,868965,16.8
Arkansas,2005,Female,50,374486,13.350000000000001
Arkansas,2005,Male,59,393275,15
California,2005,Female,847,5082839,16.66
California,2005,Male,966,5358714,18.03
Colorado,2005,Female,99,626938,15.790000000000001
Colorado,2005,Male,140,662566,21.130000000000003
Connecticut,2005,Female,76,457841,16.6
Connecticut,2005,Male,106,481385,22.02
Delaware,2005,Male,27,115870,23.3
Florida,2005,Female,350,2156522,16.23
Florida,2005,Male,428,2269989,18.85
Georgia,2005,Female,192,1274915,15.06
Georgia,2005,Male,210,1335678,15.719999999999999
Hawaii,2005,Female,24,160593,14.940000000000001
Hawaii,2005,Male,33,170532,19.35
Idaho,2005,Female,37,214100,17.28
Idaho,2005,Male,34,225130,15.100000000000001
Illinois,2005,Female,284,1731474,16.400000000000002
Illinois,2005,Male,330,1821439,18.12
Indiana,2005,Female,138,868266,15.89
Indiana,2005,Male,162,911989,17.76
Iowa,2005,Female,65,395038,16.45
Iowa,2005,Male,85,414712,20.5
Kansas,2005,Female,62,383675,16.16
Kansas,2005,Male,64,405794,15.77
Kentucky,2005,Female,96,544795,17.62
Kentucky,2005,Male,114,574474,19.840000000000003
Louisiana,2005,Female,78,620459,12.57
Louisiana,2005,Male,102,645773,15.8
Maine,2005,Female,29,159906,18.14
Maine,2005,Male,36,168977,21.3
Maryland,2005,Female,112,750856,14.92
Maryland,2005,Male,119,783662,15.190000000000001
Massachusetts,2005,Female,139,810613,17.150000000000002
Massachusetts,2005,Male,157,844304,18.6
Michigan,2005,Female,239,1376987,17.36
Michigan,2005,Male,282,1446828,19.490000000000002
Minnesota,2005,Female,103,698663,14.740000000000002
Minnesota,2005,Male,128,731214,17.51
Mississippi,2005,Female,72,412934,17.44
Mississippi,2005,Male,60,429398,13.969999999999999
Missouri,2005,Female,135,777173,17.37
Missouri,2005,Male,159,814732,19.52
Montana,2005,Female,24,121495,19.75
Montana,2005,Male,26,128639,20.21
Nebraska,2005,Female,41,245758,16.680000000000003
Nebraska,2005,Male,49,257723,19.01
Nevada,2005,Female,45,325277,13.830000000000002
Nevada,2005,Male,77,344848,22.330000000000002
New Hampshire,2005,Female,29,168561,17.2
New Hampshire,2005,Male,41,176695,23.200000000000003
New Jersey,2005,Female,196,1136246,17.25
New Jersey,2005,Male,233,1195853,19.480000000000004
New Mexico,2005,Female,38,275688,13.780000000000001
New Mexico,2005,Male,67,286674,23.37
New York,2005,Female,413,2467509,16.740000000000002
New York,2005,Male,498,2585609,19.26
North Carolina,2005,Female,199,1156064,17.21
North Carolina,2005,Male,226,1215078,18.6
North Dakota,2005,Female,16,83179,19.240000000000002
North Dakota,2005,Male,20,88521,22.590000000000003
Ohio,2005,Female,274,1534649,17.85
Ohio,2005,Male,280,1607593,17.419999999999998
Oklahoma,2005,Female,63,482968,13.040000000000001
Oklahoma,2005,Male,88,509238,17.28
Oregon,2005,Female,71,462927,15.340000000000002
Oregon,2005,Male,89,485865,18.32
Pennsylvania,2005,Female,299,1576005,18.97
Pennsylvania,2005,Male,327,1650463,19.810000000000002
Rhode Island,2005,Female,25,136499,18.32
Rhode Island,2005,Male,24,142149,16.880000000000003
South Carolina,2005,Female,70,570134,12.280000000000001
South Carolina,2005,Male,84,596927,14.07
South Dakota,2005,Female,16,107807,14.840000000000002
Tennessee,2005,Female,127,786603,16.150000000000002
Tennessee,2005,Male,137,825454,16.6
Texas,2005,Female,587,3401611,17.26
Texas,2005,Male,623,3575233,17.430000000000003
Utah,2005,Female,80,418274,19.130000000000003
Utah,2005,Male,81,436233,18.57
Virginia,2005,Female,170,994441,17.1
Virginia,2005,Male,170,1039019,16.36
Washington,2005,Female,150,826859,18.14
Washington,2005,Male,181,871512,20.77
West Virginia,2005,Female,33,214071,15.42
West Virginia,2005,Male,38,225813,16.830000000000002
Wisconsin,2005,Female,116,739959,15.680000000000001
Wisconsin,2005,Male,160,777072,20.590000000000003
Alabama,2006,Female,93,616171,15.090000000000002
Alabama,2006,Male,93,643502,14.450000000000001
Alaska,2006,Male,23,106354,21.630000000000003
Arizona,2006,Female,142,850193,16.7
Arizona,2006,Male,154,895142,17.2
Arkansas,2006,Female,47,378911,12.4
Arkansas,2006,Male,72,397735,18.1
California,2006,Female,787,5077749,15.5
California,2006,Male,974,5348575,18.21
Colorado,2006,Female,88,635217,13.850000000000001
Colorado,2006,Male,121,670334,18.05
Connecticut,2006,Female,60,455995,13.16
Connecticut,2006,Male,94,479109,19.62
Delaware,2006,Female,21,112646,18.64
Delaware,2006,Male,24,116810,20.55
Florida,2006,Female,374,2191637,17.06
Florida,2006,Male,444,2303940,19.27
Georgia,2006,Female,198,1304562,15.180000000000001
Georgia,2006,Male,241,1365030,17.66
Hawaii,2006,Female,22,161104,13.66
Hawaii,2006,Male,24,171660,13.980000000000002
Idaho,2006,Female,32,219269,14.590000000000002
Idaho,2006,Male,47,230160,20.42
Illinois,2006,Female,258,1724673,14.96
Illinois,2006,Male,332,1812347,18.32
Indiana,2006,Female,154,873251,17.64
Indiana,2006,Male,151,917594,16.46
Iowa,2006,Female,61,396199,15.4
Iowa,2006,Male,56,415983,13.46
Kansas,2006,Female,66,383642,17.2
Kansas,2006,Male,78,405459,19.240000000000002
Kentucky,2006,Female,75,548261,13.680000000000001
Kentucky,2006,Male,93,577876,16.09
Louisiana,2006,Female,85,593793,14.31
Louisiana,2006,Male,97,615511,15.76
Maine,2006,Female,35,158247,22.12
Maine,2006,Male,29,167652,17.3
Maryland,2006,Female,98,749420,13.080000000000002
Maryland,2006,Male,132,782747,16.86
Massachusetts,2006,Female,164,805748,20.35
Massachusetts,2006,Male,182,838640,21.700000000000003
Michigan,2006,Female,230,1364230,16.86
Michigan,2006,Male,269,1432622,18.78
Minnesota,2006,Female,113,698556,16.180000000000003
Minnesota,2006,Male,133,732163,18.169999999999998
Mississippi,2006,Female,49,414553,11.82
Mississippi,2006,Male,79,431665,18.3
Missouri,2006,Female,111,780084,14.230000000000002
Missouri,2006,Male,140,816788,17.14
Montana,2006,Female,17,121310,14.01
Montana,2006,Male,26,128727,20.200000000000003
Nebraska,2006,Female,38,245671,15.469999999999999
Nebraska,2006,Male,48,258023,18.6
Nevada,2006,Female,60,337820,17.76
Nevada,2006,Male,66,357826,18.44
New Hampshire,2006,Female,32,167673,19.080000000000002
New Hampshire,2006,Male,37,175609,21.07
New Jersey,2006,Female,203,1130782,17.95
New Jersey,2006,Male,240,1189580,20.180000000000003
New Mexico,2006,Female,40,276945,14.440000000000001
New Mexico,2006,Male,40,287535,13.91
New York,2006,Female,449,2443043,18.380000000000003
New York,2006,Male,510,2558875,19.930000000000003
North Carolina,2006,Female,209,1180518,17.7
North Carolina,2006,Male,204,1239515,16.46
North Dakota,2006,Male,18,87625,20.540000000000003
Ohio,2006,Female,251,1528393,16.419999999999998
Ohio,2006,Male,290,1599788,18.130000000000003
Oklahoma,2006,Female,81,487474,16.62
Oklahoma,2006,Male,127,513790,24.72
Oregon,2006,Female,86,466691,18.430000000000003
Oregon,2006,Male,101,490095,20.61
Pennsylvania,2006,Female,296,1574321,18.8
Pennsylvania,2006,Male,338,1648726,20.5
Rhode Island,2006,Female,18,134819,13.350000000000001
Rhode Island,2006,Male,29,140167,20.69
South Carolina,2006,Female,96,578220,16.6
South Carolina,2006,Male,102,603995,16.89
South Dakota,2006,Male,17,113602,14.96
Tennessee,2006,Female,124,798188,15.540000000000001
Tennessee,2006,Male,128,836381,15.3
Texas,2006,Female,611,3484344,17.540000000000003
Texas,2006,Male,738,3662609,20.150000000000002
Utah,2006,Female,68,428530,15.87
Utah,2006,Male,85,447964,18.97
Vermont,2006,Female,18,76572,23.51
Vermont,2006,Male,16,81324,19.67
Virginia,2006,Female,138,1000562,13.790000000000001
Virginia,2006,Male,192,1046025,18.36
Washington,2006,Female,147,834559,17.61
Washington,2006,Male,158,879371,17.97
West Virginia,2006,Female,31,214176,14.469999999999999
West Virginia,2006,Male,34,225515,15.080000000000002
Wisconsin,2006,Female,118,738470,15.980000000000002
Wisconsin,2006,Male,151,774999,19.480000000000004
Alabama,2007,Female,110,620439,17.73
Alabama,2007,Male,98,647560,15.130000000000003
Alaska,2007,Female,16,98781,16.2
Alaska,2007,Male,18,105864,17
Arizona,2007,Female,156,870504,17.919999999999998
Arizona,2007,Male,146,914599,15.96
Arkansas,2007,Female,67,381861,17.55
Arkansas,2007,Male,77,401136,19.200000000000003
California,2007,Female,870,5075277,17.14
California,2007,Male,1015,5343776,18.990000000000002
Colorado,2007,Female,107,644159,16.61
Colorado,2007,Male,124,679286,18.25
Connecticut,2007,Female,77,453417,16.98
Connecticut,2007,Male,91,477138,19.07
Delaware,2007,Male,23,117761,19.53
Florida,2007,Female,386,2204737,17.51
Florida,2007,Male,467,2315776,20.17
Georgia,2007,Female,228,1333978,17.09
Georgia,2007,Male,244,1395071,17.490000000000002
Hawaii,2007,Female,23,161558,14.240000000000002
Hawaii,2007,Male,30,171941,17.45
Idaho,2007,Female,47,224514,20.930000000000003
Idaho,2007,Male,36,235942,15.26
Illinois,2007,Female,281,1723519,16.3
Illinois,2007,Male,348,1807771,19.25
Indiana,2007,Female,170,878313,19.36
Indiana,2007,Male,171,922108,18.540000000000003
Iowa,2007,Female,71,397274,17.87
Iowa,2007,Male,79,417560,18.919999999999998
Kansas,2007,Female,71,386703,18.36
Kansas,2007,Male,70,408074,17.150000000000002
Kentucky,2007,Female,91,552039,16.48
Kentucky,2007,Male,117,580973,20.14
Louisiana,2007,Female,89,603357,14.75
Louisiana,2007,Male,105,626465,16.76
Maine,2007,Female,27,156773,17.22
Maine,2007,Male,29,165968,17.47
Maryland,2007,Female,110,747233,14.719999999999999
Maryland,2007,Male,130,780357,16.66
Massachusetts,2007,Female,131,802401,16.330000000000002
Massachusetts,2007,Male,158,835002,18.919999999999998
Michigan,2007,Female,243,1349244,18.01
Michigan,2007,Male,296,1416535,20.900000000000002
Minnesota,2007,Female,110,700063,15.71
Minnesota,2007,Male,141,733862,19.21
Mississippi,2007,Female,55,417448,13.180000000000001
Mississippi,2007,Male,60,434994,13.790000000000001
Missouri,2007,Female,103,782298,13.17
Missouri,2007,Male,120,819914,14.64
Nebraska,2007,Female,32,246297,12.990000000000002
Nebraska,2007,Male,52,258579,20.11
Nevada,2007,Female,56,349457,16.02
Nevada,2007,Male,59,368891,15.990000000000002
New Hampshire,2007,Female,28,165896,16.880000000000003
New Hampshire,2007,Male,37,173695,21.3
New Jersey,2007,Female,189,1125869,16.790000000000003
New Jersey,2007,Male,239,1185051,20.17
New Mexico,2007,Female,47,278798,16.86
New Mexico,2007,Male,46,289367,15.9
New York,2007,Female,461,2425689,19
New York,2007,Male,493,2539847,19.41
North Carolina,2007,Female,217,1210733,17.919999999999998
North Carolina,2007,Male,233,1269432,18.35
North Dakota,2007,Female,20,82360,24.28
Ohio,2007,Female,219,1523741,14.37
Ohio,2007,Male,265,1595071,16.61
Oklahoma,2007,Female,90,492840,18.26
Oklahoma,2007,Male,104,518988,20.040000000000003
Oregon,2007,Female,94,470408,19.980000000000004
Oregon,2007,Male,120,493920,24.3
Pennsylvania,2007,Female,304,1572205,19.340000000000003
Pennsylvania,2007,Male,348,1645675,21.150000000000002
Rhode Island,2007,Female,17,132863,12.8
Rhode Island,2007,Male,20,138148,14.480000000000002
South Carolina,2007,Female,91,587052,15.5
South Carolina,2007,Male,104,613361,16.96
South Dakota,2007,Male,17,114432,14.86
Tennessee,2007,Female,112,807257,13.87
Tennessee,2007,Male,153,845427,18.1
Texas,2007,Female,621,3549121,17.5
Texas,2007,Male,723,3727748,19.400000000000002
Utah,2007,Female,69,441507,15.630000000000003
Utah,2007,Male,97,462201,20.990000000000002
Vermont,2007,Female,16,75680,21.14
Virginia,2007,Female,170,1006179,16.900000000000002
Virginia,2007,Male,181,1050893,17.22
Washington,2007,Female,148,842321,17.57
Washington,2007,Male,171,887269,19.27
West Virginia,2007,Female,45,214519,20.980000000000004
West Virginia,2007,Male,36,225372,15.969999999999999
Wisconsin,2007,Female,125,738504,16.930000000000003
Wisconsin,2007,Male,152,774306,19.630000000000003
Alabama,2008,Female,97,625126,15.52
Alabama,2008,Male,110,651481,16.880000000000003
Alaska,2008,Female,18,98463,18.28
Alaska,2008,Male,18,105576,17.05
Arizona,2008,Female,136,885600,15.36
Arizona,2008,Male,143,929220,15.39
Arkansas,2008,Female,59,385150,15.32
Arkansas,2008,Male,58,403445,14.380000000000003
California,2008,Female,856,5091248,16.81
California,2008,Male,1077,5357420,20.1
Colorado,2008,Female,97,652759,14.86
Colorado,2008,Male,131,688327,19.03
Connecticut,2008,Female,82,451701,18.150000000000002
Connecticut,2008,Male,91,475066,19.16
Delaware,2008,Female,25,114954,21.75
Delaware,2008,Male,32,118814,26.930000000000003
District of Columbia,2008,Male,16,61910,25.84
Florida,2008,Female,421,2209265,19.06
Florida,2008,Male,464,2318363,20.01
Georgia,2008,Female,199,1351705,14.719999999999999
Georgia,2008,Male,271,1412091,19.19
Hawaii,2008,Female,23,162583,14.15
Hawaii,2008,Male,33,172584,19.12
Idaho,2008,Female,41,228556,17.94
Idaho,2008,Male,39,240266,16.23
Illinois,2008,Female,285,1720654,16.56
Illinois,2008,Male,342,1801968,18.98
Indiana,2008,Female,172,882879,19.480000000000004
Indiana,2008,Male,180,925933,19.44
Iowa,2008,Female,57,399065,14.280000000000001
Iowa,2008,Male,86,419587,20.5
Kansas,2008,Female,69,389162,17.73
Kansas,2008,Male,81,410539,19.730000000000004
Kentucky,2008,Female,93,557463,16.680000000000003
Kentucky,2008,Male,96,585519,16.400000000000002
Louisiana,2008,Female,87,610434,14.25
Louisiana,2008,Male,122,634914,19.22
Maine,2008,Female,30,155234,19.330000000000002
Maine,2008,Male,40,164215,24.36
Maryland,2008,Female,106,745017,14.230000000000002
Maryland,2008,Male,168,777318,21.61
Massachusetts,2008,Female,149,799923,18.630000000000003
Massachusetts,2008,Male,150,832638,18.02
Michigan,2008,Female,253,1329239,19.03
Michigan,2008,Male,259,1395209,18.56
Minnesota,2008,Female,125,701260,17.830000000000002
Minnesota,2008,Male,142,733744,19.35
Mississippi,2008,Female,49,418982,11.700000000000001
Mississippi,2008,Male,74,436178,16.97
Missouri,2008,Female,108,783652,13.780000000000001
Missouri,2008,Male,145,820965,17.66
Montana,2008,Female,24,122307,19.62
Montana,2008,Male,17,129675,13.11
Nebraska,2008,Female,46,247417,18.59
Nebraska,2008,Male,52,260149,19.990000000000002
Nevada,2008,Female,58,355840,16.3
Nevada,2008,Male,53,375291,14.12
New Hampshire,2008,Female,34,163703,20.77
New Hampshire,2008,Male,38,171666,22.14
New Jersey,2008,Female,209,1122344,18.62
New Jersey,2008,Male,225,1181183,19.05
New Mexico,2008,Female,36,280383,12.840000000000002
New Mexico,2008,Male,48,291432,16.47
New York,2008,Female,441,2416230,18.25
New York,2008,Male,502,2529323,19.85
North Carolina,2008,Female,196,1232008,15.91
North Carolina,2008,Male,212,1291916,16.41
Ohio,2008,Female,252,1517958,16.6
Ohio,2008,Male,293,1587600,18.46
Oklahoma,2008,Female,70,497514,14.07
Oklahoma,2008,Male,89,523557,17
Oregon,2008,Female,80,473545,16.89
Oregon,2008,Male,108,497510,21.71
Pennsylvania,2008,Female,270,1568340,17.22
Pennsylvania,2008,Male,283,1640468,17.25
Rhode Island,2008,Female,22,131445,16.740000000000002
Rhode Island,2008,Male,24,136687,17.56
South Carolina,2008,Female,81,596068,13.590000000000002
South Carolina,2008,Male,97,620939,15.62
South Dakota,2008,Male,18,114873,15.67
Tennessee,2008,Female,145,816548,17.76
Tennessee,2008,Male,180,853830,21.080000000000002
Texas,2008,Female,693,3615542,19.169999999999998
Texas,2008,Male,743,3794269,19.580000000000002
Utah,2008,Female,83,453466,18.3
Utah,2008,Male,99,474479,20.86
Vermont,2008,Female,16,74826,21.380000000000003
Virginia,2008,Female,170,1011170,16.81
Virginia,2008,Male,187,1055975,17.71
Washington,2008,Female,151,850688,17.75
Washington,2008,Male,172,895581,19.21
West Virginia,2008,Female,42,214898,19.540000000000003
West Virginia,2008,Male,47,225995,20.8
Wisconsin,2008,Female,165,737934,22.36
Wisconsin,2008,Male,147,773256,19.01
Alabama,2009,Female,99,626442,15.8
Alabama,2009,Male,108,652517,16.55
Alaska,2009,Female,18,100141,17.97
Alaska,2009,Male,16,107217,14.92
Arizona,2009,Female,133,888058,14.980000000000002
Arizona,2009,Male,186,929826,20
Arkansas,2009,Female,61,387257,15.75
Arkansas,2009,Male,84,405244,20.730000000000004
California,2009,Female,877,5094315,17.22
California,2009,Male,1026,5356745,19.150000000000002
Colorado,2009,Female,98,660261,14.840000000000002
Colorado,2009,Male,128,696549,18.380000000000003
Connecticut,2009,Female,89,449348,19.810000000000002
Connecticut,2009,Male,112,472110,23.72
Delaware,2009,Female,17,115317,14.740000000000002
Delaware,2009,Male,25,118992,21.01
Florida,2009,Female,367,2203642,16.650000000000002
Florida,2009,Male,431,2310005,18.66
Georgia,2009,Female,233,1358869,17.150000000000002
Georgia,2009,Male,222,1418365,15.65
Hawaii,2009,Female,28,163912,17.080000000000002
Hawaii,2009,Male,33,173681,19
Idaho,2009,Female,36,230668,15.61
Idaho,2009,Male,42,242154,17.34
Illinois,2009,Female,319,1715421,18.6
Illinois,2009,Male,291,1794343,16.22
Indiana,2009,Female,144,883368,16.3
Indiana,2009,Male,157,925970,16.96
Iowa,2009,Female,74,400068,18.5
Iowa,2009,Male,89,420335,21.17
Kansas,2009,Female,73,392680,18.59
Kansas,2009,Male,78,413586,18.86
Kentucky,2009,Female,115,558168,20.6
Kentucky,2009,Male,93,586178,15.87
Louisiana,2009,Female,90,613745,14.66
Louisiana,2009,Male,112,637523,17.57
Maine,2009,Female,28,153064,18.290000000000003
Maine,2009,Male,24,161985,14.82
Maryland,2009,Female,152,743554,20.44
Maryland,2009,Male,153,775330,19.730000000000004
Massachusetts,2009,Female,133,797759,16.669999999999998
Massachusetts,2009,Male,187,830377,22.52
Michigan,2009,Female,225,1309217,17.19
Michigan,2009,Male,255,1373127,18.57
Minnesota,2009,Female,134,700261,19.14
Minnesota,2009,Male,146,733512,19.900000000000002
Mississippi,2009,Female,52,418089,12.440000000000001
Mississippi,2009,Male,73,435108,16.78
Missouri,2009,Female,131,783439,16.72
Missouri,2009,Male,136,820539,16.57
Montana,2009,Female,19,122269,15.540000000000001
Montana,2009,Male,25,129476,19.310000000000002
Nebraska,2009,Female,35,249210,14.040000000000001
Nebraska,2009,Male,54,261162,20.680000000000003
Nevada,2009,Female,47,358945,13.090000000000002
Nevada,2009,Male,74,377801,19.590000000000003
New Hampshire,2009,Female,28,161219,17.37
New Hampshire,2009,Male,36,168907,21.310000000000002
New Jersey,2009,Female,222,1119337,19.830000000000002
New Jersey,2009,Male,292,1177867,24.790000000000003
New Mexico,2009,Female,45,282785,15.91
New Mexico,2009,Male,42,294047,14.280000000000001
New York,2009,Female,456,2405263,18.96
New York,2009,Male,492,2516990,19.55
North Carolina,2009,Female,203,1246058,16.290000000000003
North Carolina,2009,Male,210,1306409,16.07
Ohio,2009,Female,230,1509869,15.230000000000002
Ohio,2009,Male,295,1577596,18.7
Oklahoma,2009,Female,80,504634,15.850000000000001
Oklahoma,2009,Male,94,529967,17.740000000000002
Oregon,2009,Female,86,474573,18.12
Oregon,2009,Male,74,498316,14.850000000000001
Pennsylvania,2009,Female,298,1562805,19.07
Pennsylvania,2009,Male,305,1633940,18.669999999999998
Rhode Island,2009,Female,22,130003,16.919999999999998
Rhode Island,2009,Male,22,134984,16.3
South Carolina,2009,Female,81,600391,13.490000000000002
South Carolina,2009,Male,92,625053,14.719999999999999
South Dakota,2009,Male,31,115696,26.79
Tennessee,2009,Female,159,819267,19.41
Tennessee,2009,Male,150,855504,17.53
Texas,2009,Female,665,3682624,18.06
Texas,2009,Male,771,3860985,19.97
Utah,2009,Female,77,464065,16.59
Utah,2009,Male,91,485625,18.740000000000002
Virginia,2009,Female,147,1016526,14.46
Virginia,2009,Male,173,1060316,16.32
Washington,2009,Female,167,859486,19.430000000000003
Washington,2009,Male,165,904401,18.240000000000002
West Virginia,2009,Female,42,214883,19.55
West Virginia,2009,Male,45,225985,19.91
Wisconsin,2009,Female,123,736323,16.7
Wisconsin,2009,Male,154,771535,19.96
Wyoming,2009,Male,21,78119,26.880000000000003
Alabama,2010,Female,89,623559,14.27
Alabama,2010,Male,100,649891,15.39
Alaska,2010,Female,21,100944,20.8
Alaska,2010,Male,25,107510,23.25
Arizona,2010,Female,168,886932,18.94
Arizona,2010,Male,161,927557,17.36
Arkansas,2010,Female,65,388852,16.72
Arkansas,2010,Male,72,406857,17.7
California,2010,Female,858,5087974,16.86
California,2010,Male,1068,5342501,19.990000000000002
Colorado,2010,Female,99,665826,14.87
Colorado,2010,Male,149,701174,21.25
Connecticut,2010,Female,80,447506,17.880000000000003
Connecticut,2010,Male,113,469549,24.07
Delaware,2010,Female,24,114814,20.900000000000002
Delaware,2010,Male,19,118556,16.03
Florida,2010,Female,405,2198909,18.419999999999998
Florida,2010,Male,448,2304772,19.44
Georgia,2010,Female,214,1361159,15.719999999999999
Georgia,2010,Male,254,1420126,17.89
Hawaii,2010,Female,19,164211,11.57
Hawaii,2010,Male,37,174490,21.200000000000003
Idaho,2010,Female,32,232010,13.790000000000001
Idaho,2010,Male,44,243447,18.07
Illinois,2010,Female,283,1707274,16.580000000000002
Illinois,2010,Male,352,1785273,19.72
Indiana,2010,Female,145,881272,16.45
Indiana,2010,Male,197,923157,21.340000000000003
Iowa,2010,Female,68,400357,16.98
Iowa,2010,Male,80,421037,19
Kansas,2010,Female,67,395381,16.95
Kansas,2010,Male,88,416593,21.12
Kentucky,2010,Female,84,559311,15.02
Kentucky,2010,Male,127,587295,21.62
Louisiana,2010,Female,102,614128,16.61
Louisiana,2010,Male,110,638494,17.23
Maine,2010,Female,27,150528,17.94
Maine,2010,Male,36,159434,22.580000000000002
Maryland,2010,Female,113,743070,15.21
Maryland,2010,Male,111,774782,14.330000000000002
Massachusetts,2010,Female,141,797077,17.69
Massachusetts,2010,Male,158,828095,19.080000000000002
Michigan,2010,Female,264,1287689,20.5
Michigan,2010,Male,260,1350267,19.26
Minnesota,2010,Female,119,699978,17
Minnesota,2010,Male,133,732225,18.16
Mississippi,2010,Female,67,414966,16.150000000000002
Mississippi,2010,Male,67,431990,15.51
Missouri,2010,Female,133,780970,17.03
Missouri,2010,Male,151,818558,18.45
Montana,2010,Female,17,121859,13.950000000000001
Montana,2010,Male,34,129288,26.3
Nebraska,2010,Female,44,250733,17.55
Nebraska,2010,Male,61,262875,23.200000000000003
Nevada,2010,Female,59,357612,16.5
Nevada,2010,Male,74,375927,19.680000000000003
New Hampshire,2010,Female,33,159035,20.75
New Hampshire,2010,Male,40,165996,24.1
New Jersey,2010,Female,207,1117395,18.53
New Jersey,2010,Male,245,1174708,20.86
New Mexico,2010,Female,53,284229,18.650000000000002
New Mexico,2010,Male,55,295719,18.6
New York,2010,Female,452,2392778,18.89
New York,2010,Male,529,2502656,21.14
North Carolina,2010,Female,220,1249968,17.6
North Carolina,2010,Male,263,1311030,20.060000000000002
Ohio,2010,Female,237,1496532,15.840000000000002
Ohio,2010,Male,293,1564219,18.73
Oklahoma,2010,Female,85,508575,16.71
Oklahoma,2010,Male,91,534269,17.03
Oregon,2010,Female,78,473785,16.46
Oregon,2010,Male,93,497078,18.71
Pennsylvania,2010,Female,307,1551791,19.78
Pennsylvania,2010,Male,368,1623036,22.67
Rhode Island,2010,Female,19,128383,14.8
Rhode Island,2010,Male,21,133098,15.780000000000001
South Carolina,2010,Female,75,599081,12.520000000000001
South Carolina,2010,Male,108,623136,17.330000000000002
South Dakota,2010,Male,17,116774,14.56
Tennessee,2010,Female,122,818527,14.9
Tennessee,2010,Male,158,855322,18.47
Texas,2010,Female,692,3728090,18.56
Texas,2010,Male,787,3906359,20.150000000000002
Utah,2010,Female,86,471475,18.240000000000002
Utah,2010,Male,85,493537,17.22
Virginia,2010,Female,160,1021072,15.67
Virginia,2010,Male,189,1065161,17.740000000000002
Washington,2010,Female,161,862983,18.66
Washington,2010,Male,156,907259,17.19
West Virginia,2010,Female,37,213711,17.31
West Virginia,2010,Male,39,224785,17.35
Wisconsin,2010,Female,125,733173,17.05
Wisconsin,2010,Male,137,768402,17.830000000000002
Alabama,2011,Female,95,618471,15.36
Alabama,2011,Male,101,645424,15.65
Alaska,2011,Female,17,100854,16.86
Alaska,2011,Male,29,107773,26.910000000000004
Arizona,2011,Female,176,877693,20.05
Arizona,2011,Male,165,917954,17.97
Arkansas,2011,Female,67,387762,17.28
Arkansas,2011,Male,61,405772,15.030000000000001
California,2011,Female,861,5060619,17.01
California,2011,Male,976,5309635,18.380000000000003
Colorado,2011,Female,105,669380,15.690000000000001
Colorado,2011,Male,127,705575,18
Connecticut,2011,Female,84,447370,18.78
Connecticut,2011,Male,91,468451,19.430000000000003
Delaware,2011,Female,28,114477,24.46
Delaware,2011,Male,17,118025,14.4
Florida,2011,Female,398,2189689,18.180000000000003
Florida,2011,Male,458,2298748,19.92
Georgia,2011,Female,242,1359397,17.8
Georgia,2011,Male,250,1419830,17.61
Hawaii,2011,Female,31,165231,18.76
Hawaii,2011,Male,32,175655,18.22
Idaho,2011,Female,41,232420,17.64
Idaho,2011,Male,40,243266,16.44
Illinois,2011,Female,292,1695217,17.22
Illinois,2011,Male,344,1772666,19.41
Indiana,2011,Female,152,876560,17.34
Indiana,2011,Male,156,919344,16.97
Iowa,2011,Female,87,400939,21.700000000000003
Iowa,2011,Male,94,421336,22.310000000000002
Kansas,2011,Female,65,395528,16.430000000000003
Kansas,2011,Male,77,417370,18.45
Kentucky,2011,Female,101,557081,18.130000000000003
Kentucky,2011,Male,127,586040,21.67
Louisiana,2011,Female,122,610305,19.990000000000002
Louisiana,2011,Male,105,635768,16.52
Maine,2011,Female,28,148641,18.84
Maine,2011,Male,40,157558,25.39
Maryland,2011,Female,144,744559,19.340000000000003
Maryland,2011,Male,129,776425,16.61
Massachusetts,2011,Female,158,798226,19.790000000000003
Massachusetts,2011,Male,155,828652,18.71
Michigan,2011,Female,248,1269466,19.540000000000003
Michigan,2011,Male,276,1333719,20.69
Minnesota,2011,Female,117,701392,16.680000000000003
Minnesota,2011,Male,134,733305,18.27
Mississippi,2011,Female,69,410550,16.81
Mississippi,2011,Male,71,428148,16.580000000000002
Missouri,2011,Female,136,774288,17.56
Missouri,2011,Male,149,812948,18.330000000000002
Montana,2011,Female,27,122114,22.11
Montana,2011,Male,19,129329,14.690000000000001
Nebraska,2011,Female,44,252354,17.44
Nebraska,2011,Male,64,264398,24.21
Nevada,2011,Female,54,353015,15.3
Nevada,2011,Male,58,371116,15.630000000000003
New Hampshire,2011,Female,28,157810,17.740000000000002
New Hampshire,2011,Male,35,164429,21.290000000000003
New Jersey,2011,Female,238,1118659,21.28
New Jersey,2011,Male,236,1175089,20.080000000000002
New Mexico,2011,Female,45,283945,15.850000000000001
New Mexico,2011,Male,46,295128,15.590000000000002
New York,2011,Female,468,2389382,19.590000000000003
New York,2011,Male,501,2498679,20.05
North Carolina,2011,Female,202,1248566,16.180000000000003
North Carolina,2011,Male,259,1308487,19.790000000000003
North Dakota,2011,Male,21,90396,23.230000000000004
Ohio,2011,Female,262,1481591,17.680000000000003
Ohio,2011,Male,257,1550059,16.580000000000002
Oklahoma,2011,Female,80,509428,15.700000000000001
Oklahoma,2011,Male,98,535548,18.3
Oregon,2011,Female,95,472140,20.12
Oregon,2011,Male,103,495293,20.8
Pennsylvania,2011,Female,321,1543459,20.8
Pennsylvania,2011,Male,322,1613605,19.96
Rhode Island,2011,Female,18,127192,14.15
Rhode Island,2011,Male,36,131875,27.3
South Carolina,2011,Female,107,594454,18
South Carolina,2011,Male,96,619306,15.5
South Dakota,2011,Male,23,117660,19.55
Tennessee,2011,Female,151,815705,18.51
Tennessee,2011,Male,177,852846,20.75
Texas,2011,Female,655,3756195,17.44
Texas,2011,Male,853,3936876,21.67
Utah,2011,Female,88,473738,18.580000000000002
Utah,2011,Male,100,497641,20.090000000000003
Virginia,2011,Female,155,1023480,15.14
Virginia,2011,Male,171,1068741,16
Washington,2011,Female,154,862988,17.84
Washington,2011,Male,184,907879,20.27
West Virginia,2011,Female,38,211835,17.94
West Virginia,2011,Male,45,223457,20.14
Wisconsin,2011,Female,118,730674,16.150000000000002
Wisconsin,2011,Male,134,765511,17.5
Alabama,2012,Female,99,615555,16.080000000000002
Alabama,2012,Male,115,641928,17.91
Alaska,2012,Male,28,107406,26.07
Arizona,2012,Female,162,874956,18.52
Arizona,2012,Male,177,915475,19.330000000000002
Arkansas,2012,Female,56,386234,14.5
Arkansas,2012,Male,63,404913,15.56
California,2012,Female,846,5037641,16.790000000000003
California,2012,Male,1035,5279429,19.6
Colorado,2012,Female,132,670780,19.680000000000003
Colorado,2012,Male,116,707365,16.400000000000002
Connecticut,2012,Female,87,445213,19.540000000000003
Connecticut,2012,Male,91,465283,19.560000000000002
Delaware,2012,Female,20,114209,17.51
Delaware,2012,Male,31,117857,26.3
Florida,2012,Female,417,2189280,19.05
Florida,2012,Male,430,2297689,18.71
Georgia,2012,Female,234,1359854,17.21
Georgia,2012,Male,256,1419295,18.040000000000003
Hawaii,2012,Female,31,166467,18.62
Hawaii,2012,Male,24,176749,13.580000000000002
Idaho,2012,Female,37,232593,15.91
Idaho,2012,Male,53,242970,21.810000000000002
Illinois,2012,Female,283,1680937,16.84
Illinois,2012,Male,316,1756846,17.990000000000002
Indiana,2012,Female,158,870655,18.150000000000002
Indiana,2012,Male,185,913706,20.25
Iowa,2012,Female,71,400051,17.75
Iowa,2012,Male,81,420617,19.26
Kansas,2012,Female,74,395605,18.71
Kansas,2012,Male,97,417218,23.25
Kentucky,2012,Female,94,554584,16.95
Kentucky,2012,Male,126,583748,21.580000000000002
Louisiana,2012,Female,115,607961,18.919999999999998
Louisiana,2012,Male,106,633402,16.740000000000002
Maine,2012,Female,26,146665,17.73
Maine,2012,Male,29,155472,18.650000000000002
Maryland,2012,Female,122,744595,16.380000000000003
Maryland,2012,Male,128,776475,16.48
Massachusetts,2012,Female,144,797819,18.05
Massachusetts,2012,Male,172,827554,20.78
Michigan,2012,Female,253,1254965,20.16
Michigan,2012,Male,285,1318772,21.61
Minnesota,2012,Female,120,699975,17.14
Minnesota,2012,Male,184,731803,25.14
Mississippi,2012,Female,61,407225,14.980000000000002
Mississippi,2012,Male,68,424041,16.040000000000003
Missouri,2012,Female,128,767613,16.680000000000003
Missouri,2012,Male,141,806560,17.48
Montana,2012,Female,22,121830,18.06
Montana,2012,Male,25,128961,19.39
Nebraska,2012,Female,40,253471,15.780000000000001
Nebraska,2012,Male,72,265517,27.12
Nevada,2012,Female,50,351685,14.219999999999999
Nevada,2012,Male,65,369669,17.580000000000002
New Hampshire,2012,Female,29,155691,18.630000000000003
New Hampshire,2012,Male,34,162230,20.96
New Jersey,2012,Female,227,1115736,20.35
New Jersey,2012,Male,232,1170243,19.82
New Mexico,2012,Female,37,281428,13.15
New Mexico,2012,Male,44,293314,15
New York,2012,Female,526,2384190,22.060000000000002
New York,2012,Male,494,2491933,19.82
North Carolina,2012,Female,212,1247608,16.990000000000002
North Carolina,2012,Male,248,1305531,19
Ohio,2012,Female,228,1466975,15.540000000000001
Ohio,2012,Male,289,1536557,18.81
Oklahoma,2012,Female,85,510189,16.66
Oklahoma,2012,Male,96,536958,17.880000000000003
Oregon,2012,Female,88,469753,18.73
Oregon,2012,Male,107,492985,21.700000000000003
Pennsylvania,2012,Female,280,1532856,18.27
Pennsylvania,2012,Male,348,1602601,21.71
Rhode Island,2012,Female,31,126299,24.540000000000003
Rhode Island,2012,Male,24,130807,18.35
South Carolina,2012,Female,89,592955,15.01
South Carolina,2012,Male,100,617277,16.2
South Dakota,2012,Male,23,118220,19.46
Tennessee,2012,Female,152,815819,18.630000000000003
Tennessee,2012,Male,154,852889,18.06
Texas,2012,Female,684,3785893,18.07
Texas,2012,Male,831,3966200,20.950000000000003
Utah,2012,Female,83,476355,17.419999999999998
Utah,2012,Male,99,501237,19.75
Virginia,2012,Female,127,1027918,12.36
Virginia,2012,Male,184,1072411,17.16
Washington,2012,Female,172,863568,19.92
Washington,2012,Male,169,907453,18.62
West Virginia,2012,Female,26,210669,12.340000000000002
West Virginia,2012,Male,48,222490,21.57
Wisconsin,2012,Female,149,726618,20.51
Wisconsin,2012,Male,140,760985,18.400000000000002
Wyoming,2012,Male,18,78182,23.02
Alabama,2013,Female,101,613982,16.45
Alabama,2013,Male,115,638427,18.01
Alaska,2013,Female,19,100198,18.96
Alaska,2013,Male,18,107501,16.740000000000002
Arizona,2013,Female,134,873601,15.340000000000002
Arizona,2013,Male,165,913489,18.06
Arkansas,2013,Female,67,384840,17.41
Arkansas,2013,Male,64,403356,15.87
California,2013,Female,840,5023452,16.72
California,2013,Male,1037,5257904,19.72
Colorado,2013,Female,108,673453,16.040000000000003
Colorado,2013,Male,144,709741,20.290000000000003
Connecticut,2013,Female,97,440456,22.02
Connecticut,2013,Male,83,459804,18.05
District of Columbia,2013,Male,22,66351,33.160000000000004
Florida,2013,Female,380,2198202,17.290000000000003
Florida,2013,Male,473,2306206,20.51
Georgia,2013,Female,226,1359751,16.62
Georgia,2013,Male,284,1417001,20.040000000000003
Hawaii,2013,Female,36,167397,21.51
Hawaii,2013,Male,28,177977,15.730000000000002
Idaho,2013,Female,36,233977,15.39
Idaho,2013,Male,52,243691,21.340000000000003
Illinois,2013,Female,304,1665589,18.25
Illinois,2013,Male,342,1740724,19.650000000000002
Indiana,2013,Female,155,869505,17.830000000000002
Indiana,2013,Male,157,912056,17.21
Iowa,2013,Female,79,401821,19.66
Iowa,2013,Male,85,421611,20.16
Kansas,2013,Female,76,394983,19.240000000000002
Kansas,2013,Male,85,416531,20.41
Kentucky,2013,Female,89,554248,16.06
Kentucky,2013,Male,123,584051,21.060000000000002
Louisiana,2013,Female,99,606800,16.32
Louisiana,2013,Male,105,631945,16.62
Maine,2013,Female,26,144786,17.96
Maine,2013,Male,31,153703,20.17
Maryland,2013,Female,124,744094,16.66
Maryland,2013,Male,149,775451,19.21
Massachusetts,2013,Female,129,797624,16.169999999999998
Massachusetts,2013,Male,153,826549,18.51
Michigan,2013,Female,215,1243886,17.28
Michigan,2013,Male,237,1305974,18.150000000000002
Minnesota,2013,Female,133,700274,18.990000000000002
Minnesota,2013,Male,142,732122,19.400000000000002
Mississippi,2013,Female,62,404260,15.340000000000002
Mississippi,2013,Male,68,420460,16.169999999999998
Missouri,2013,Female,122,762921,15.990000000000002
Missouri,2013,Male,154,802025,19.200000000000003
Montana,2013,Male,20,129883,15.4
Nebraska,2013,Female,52,254440,20.44
Nebraska,2013,Male,53,267260,19.830000000000002
Nevada,2013,Female,56,352253,15.9
Nevada,2013,Male,49,370321,13.230000000000002
New Hampshire,2013,Female,28,153551,18.23
New Hampshire,2013,Male,27,159902,16.89
New Jersey,2013,Female,236,1111976,21.22
New Jersey,2013,Male,223,1165476,19.130000000000003
New Mexico,2013,Female,45,279189,16.12
New Mexico,2013,Male,43,291076,14.77
New York,2013,Female,516,2378015,21.700000000000003
New York,2013,Male,537,2483809,21.62
North Carolina,2013,Female,195,1247313,15.630000000000003
North Carolina,2013,Male,220,1302980,16.880000000000003
North Dakota,2013,Male,20,96299,20.77
Ohio,2013,Female,291,1459861,19.930000000000003
Ohio,2013,Male,309,1529278,20.21
Oklahoma,2013,Female,88,513736,17.130000000000003
Oklahoma,2013,Male,94,540772,17.380000000000003
Oregon,2013,Female,79,467634,16.89
Oregon,2013,Male,87,490767,17.73
Pennsylvania,2013,Female,320,1522378,21.02
Pennsylvania,2013,Male,313,1591930,19.66
Rhode Island,2013,Female,25,125219,19.97
Rhode Island,2013,Male,18,129553,13.89
South Carolina,2013,Female,100,591607,16.900000000000002
South Carolina,2013,Male,102,616109,16.56
South Dakota,2013,Female,19,112478,16.89
South Dakota,2013,Male,22,118999,18.490000000000002
Tennessee,2013,Female,135,816179,16.540000000000003
Tennessee,2013,Male,158,852495,18.53
Texas,2013,Female,678,3820332,17.75
Texas,2013,Male,833,3997459,20.840000000000003
Utah,2013,Female,86,481963,17.84
Utah,2013,Male,101,507351,19.91
Virginia,2013,Female,179,1029266,17.39
Virginia,2013,Male,163,1074041,15.180000000000001
Washington,2013,Female,145,866141,16.740000000000002
Washington,2013,Male,174,909339,19.130000000000003
West Virginia,2013,Female,42,209807,20.02
West Virginia,2013,Male,40,221374,18.07
Wisconsin,2013,Female,114,723057,15.77
Wisconsin,2013,Male,145,756959,19.16
Alabama,2014,Female,118,612273,19.27
Alabama,2014,Male,116,636368,18.23
Arizona,2014,Female,141,874609,16.12
Arizona,2014,Male,185,914674,20.230000000000004
Arkansas,2014,Female,68,383765,17.72
Arkansas,2014,Male,88,402425,21.87
California,2014,Female,893,5010744,17.82
California,2014,Male,1091,5242161,20.810000000000002
Colorado,2014,Female,129,677603,19.040000000000003
Colorado,2014,Male,141,713860,19.75
Connecticut,2014,Female,80,436069,18.35
Connecticut,2014,Male,85,455864,18.650000000000002
Delaware,2014,Female,28,113544,24.66
Delaware,2014,Male,21,116965,17.95
Florida,2014,Female,453,2211922,20.480000000000004
Florida,2014,Male,512,2319278,22.080000000000002
Georgia,2014,Female,245,1362258,17.98
Georgia,2014,Male,256,1419460,18.040000000000003
Hawaii,2014,Female,29,167133,17.35
Hawaii,2014,Male,32,177847,17.990000000000002
Idaho,2014,Female,31,236296,13.12
Idaho,2014,Male,43,245575,17.51
Illinois,2014,Female,315,1649187,19.1
Illinois,2014,Male,329,1724025,19.080000000000002
Indiana,2014,Female,141,867531,16.25
Indiana,2014,Male,173,910375,19
Iowa,2014,Female,83,403661,20.560000000000002
Iowa,2014,Male,97,423416,22.91
Kansas,2014,Female,72,394324,18.26
Kansas,2014,Male,81,416002,19.47
Kentucky,2014,Female,106,552793,19.180000000000003
Kentucky,2014,Male,112,582251,19.240000000000002
Louisiana,2014,Female,101,606634,16.650000000000002
Louisiana,2014,Male,110,631463,17.419999999999998
Maine,2014,Female,23,143681,16.01
Maine,2014,Male,37,152140,24.32
Maryland,2014,Female,118,745946,15.82
Maryland,2014,Male,149,777070,19.169999999999998
Massachusetts,2014,Female,146,796892,18.32
Massachusetts,2014,Male,142,825486,17.2
Michigan,2014,Female,217,1234354,17.580000000000002
Michigan,2014,Male,260,1294893,20.080000000000002
Minnesota,2014,Female,126,702654,17.930000000000003
Minnesota,2014,Male,151,734125,20.57
Mississippi,2014,Female,63,401590,15.690000000000001
Mississippi,2014,Male,65,417250,15.580000000000002
Missouri,2014,Female,122,760051,16.05
Missouri,2014,Male,148,798602,18.53
Montana,2014,Female,28,122711,22.82
Montana,2014,Male,24,130456,18.400000000000002
Nebraska,2014,Female,43,256227,16.78
Nebraska,2014,Male,53,268942,19.71
Nevada,2014,Female,58,353751,16.400000000000002
Nevada,2014,Male,75,372357,20.14
New Hampshire,2014,Female,37,151712,24.39
New Hampshire,2014,Male,43,158048,27.210000000000004
New Jersey,2014,Female,226,1109458,20.37
New Jersey,2014,Male,248,1162580,21.330000000000002
New Mexico,2014,Female,43,276013,15.580000000000002
New Mexico,2014,Male,45,288078,15.62
New York,2014,Female,468,2368435,19.76
New York,2014,Male,552,2473152,22.32
North Carolina,2014,Female,209,1247231,16.76
North Carolina,2014,Male,250,1300947,19.22
Ohio,2014,Female,259,1454436,17.81
Ohio,2014,Male,269,1523675,17.650000000000002
Oklahoma,2014,Female,75,516123,14.530000000000001
Oklahoma,2014,Male,88,543261,16.2
Oregon,2014,Female,94,468927,20.05
Oregon,2014,Male,98,492302,19.91
Pennsylvania,2014,Female,259,1514833,17.1
Pennsylvania,2014,Male,328,1584065,20.71
Rhode Island,2014,Female,29,124473,23.3
Rhode Island,2014,Male,25,128687,19.430000000000003
South Carolina,2014,Female,91,593490,15.330000000000002
South Carolina,2014,Male,100,617624,16.19
South Dakota,2014,Female,19,113254,16.78
South Dakota,2014,Male,31,119868,25.860000000000003
Tennessee,2014,Female,160,816785,19.590000000000003
Tennessee,2014,Male,178,854295,20.840000000000003
Texas,2014,Female,735,3866910,19.01
Texas,2014,Male,802,4045838,19.82
Utah,2014,Female,93,485676,19.150000000000002
Utah,2014,Male,82,511556,16.03
Virginia,2014,Female,170,1029864,16.51
Virginia,2014,Male,184,1074702,17.12
Washington,2014,Female,174,869987,20
Washington,2014,Male,194,914650,21.21
West Virginia,2014,Female,44,208853,21.07
West Virginia,2014,Male,41,220304,18.61
Wisconsin,2014,Female,121,719341,16.82
Wisconsin,2014,Male,171,753644,22.69
Wyoming,2014,Female,19,74398,25.540000000000003
Alabama,2015,Female,134,612261,21.89
Alabama,2015,Male,120,636415,18.86
Alaska,2015,Male,23,106020,21.69
Arizona,2015,Female,186,875682,21.240000000000002
Arizona,2015,Male,187,916211,20.41
Arkansas,2015,Female,70,383525,18.25
Arkansas,2015,Male,67,402559,16.64
California,2015,Female,996,5000241,19.92
California,2015,Male,1047,5233472,20.01
Colorado,2015,Female,126,683524,18.430000000000003
Colorado,2015,Male,128,720331,17.77
Connecticut,2015,Female,68,431623,15.75
Connecticut,2015,Male,94,450991,20.840000000000003
Delaware,2015,Female,22,113808,19.330000000000002
Delaware,2015,Male,26,117097,22.200000000000003
Florida,2015,Female,415,2236805,18.55
Florida,2015,Male,585,2344927,24.950000000000003
Georgia,2015,Female,272,1369031,19.87
Georgia,2015,Male,264,1425501,18.52
Hawaii,2015,Female,28,167783,16.69
Hawaii,2015,Male,33,178528,18.48
Idaho,2015,Female,53,238800,22.19
Idaho,2015,Male,37,247402,14.96
Illinois,2015,Female,291,1634027,17.81
Illinois,2015,Male,339,1709537,19.830000000000002
Indiana,2015,Female,148,865780,17.09
Indiana,2015,Male,206,908461,22.680000000000003
Iowa,2015,Female,80,404640,19.77
Iowa,2015,Male,99,424707,23.310000000000002
Kansas,2015,Female,77,393845,19.55
Kansas,2015,Male,81,415387,19.5
Kentucky,2015,Female,101,552632,18.28
Kentucky,2015,Male,131,582183,22.5
Louisiana,2015,Female,114,607494,18.77
Louisiana,2015,Male,137,632266,21.67
Maine,2015,Female,32,142208,22.5
Maine,2015,Male,30,150304,19.96
Maryland,2015,Female,126,746745,16.87
Maryland,2015,Male,141,777460,18.14
Massachusetts,2015,Female,144,794945,18.11
Massachusetts,2015,Male,164,823399,19.92
Michigan,2015,Female,179,1225067,14.61
Michigan,2015,Male,249,1284183,19.39
Minnesota,2015,Female,128,704324,18.169999999999998
Minnesota,2015,Male,164,735664,22.290000000000003
Mississippi,2015,Female,43,398960,10.780000000000001
Mississippi,2015,Male,78,414265,18.830000000000002
Missouri,2015,Female,159,758663,20.96
Missouri,2015,Male,159,796938,19.950000000000003
Montana,2015,Female,17,123287,13.790000000000001
Montana,2015,Male,18,131050,13.740000000000002
Nebraska,2015,Female,51,257838,19.78
Nebraska,2015,Male,38,271090,14.02
Nevada,2015,Female,70,357065,19.6
Nevada,2015,Male,88,375809,23.42
New Hampshire,2015,Female,23,149777,15.36
New Hampshire,2015,Male,38,156537,24.28
New Jersey,2015,Female,226,1107041,20.41
New Jersey,2015,Male,216,1159007,18.64
New Mexico,2015,Female,44,273962,16.06
New Mexico,2015,Male,62,285497,21.72
New York,2015,Female,461,2361887,19.52
New York,2015,Male,577,2465711,23.400000000000002
North Carolina,2015,Female,210,1248965,16.81
North Carolina,2015,Male,286,1302370,21.96
North Dakota,2015,Male,22,102372,21.490000000000002
Ohio,2015,Female,312,1449220,21.53
Ohio,2015,Male,311,1518665,20.480000000000004
Oklahoma,2015,Female,75,520278,14.42
Oklahoma,2015,Male,111,547090,20.290000000000003
Oregon,2015,Female,91,470582,19.340000000000003
Oregon,2015,Male,113,494751,22.840000000000003
Pennsylvania,2015,Female,309,1508082,20.490000000000002
Pennsylvania,2015,Male,321,1577530,20.35
Rhode Island,2015,Female,21,123918,16.95
Rhode Island,2015,Male,30,128175,23.41
South Carolina,2015,Female,108,597487,18.080000000000002
South Carolina,2015,Male,94,621717,15.12
Tennessee,2015,Female,146,819441,17.82
Tennessee,2015,Male,140,856941,16.34
Texas,2015,Female,748,3919855,19.080000000000002
Texas,2015,Male,851,4099777,20.76
Utah,2015,Female,99,490887,20.17
Utah,2015,Male,104,516443,20.14
Vermont,2015,Male,17,74065,22.950000000000003
Virginia,2015,Female,166,1031551,16.09
Virginia,2015,Male,183,1076904,16.990000000000002
Washington,2015,Female,188,877235,21.430000000000003
Washington,2015,Male,189,922171,20.5
West Virginia,2015,Female,39,207500,18.8
West Virginia,2015,Male,32,218750,14.630000000000003
Wisconsin,2015,Female,143,716368,19.96
Wisconsin,2015,Male,116,750787,15.450000000000001
Alabama,2016,Female,120,613192,19.57
Alabama,2016,Male,160,637153,25.11
Alaska,2016,Male,16,106332,15.05
Arizona,2016,Female,151,878413,17.19
Arizona,2016,Male,158,918774,17.2
Arkansas,2016,Female,58,383523,15.12
Arkansas,2016,Male,77,402827,19.11
California,2016,Female,894,4984198,17.94
California,2016,Male,1055,5218117,20.22
Colorado,2016,Female,126,687817,18.32
Colorado,2016,Male,111,724329,15.32
Connecticut,2016,Female,78,428016,18.22
Connecticut,2016,Male,95,446594,21.27
Delaware,2016,Female,27,114457,23.590000000000003
Delaware,2016,Male,21,117200,17.919999999999998
District of Columbia,2016,Male,17,70079,24.26
Florida,2016,Female,429,2270626,18.89
Florida,2016,Male,532,2378401,22.37
Georgia,2016,Female,256,1378212,18.57
Georgia,2016,Male,286,1434667,19.930000000000003
Hawaii,2016,Female,24,167756,14.31
Hawaii,2016,Male,32,178855,17.89
Idaho,2016,Female,42,242819,17.3
Idaho,2016,Male,50,250404,19.97
Illinois,2016,Female,313,1619696,19.32
Illinois,2016,Male,357,1695493,21.060000000000002
Indiana,2016,Female,162,865872,18.71
Indiana,2016,Male,179,909756,19.680000000000003
Iowa,2016,Female,80,405713,19.72
Iowa,2016,Male,94,425926,22.07
Kansas,2016,Female,77,392860,19.6
Kansas,2016,Male,69,414261,16.66
Kentucky,2016,Female,117,553209,21.150000000000002
Kentucky,2016,Male,119,582359,20.430000000000003
Louisiana,2016,Female,98,608753,16.1
Louisiana,2016,Male,101,633144,15.950000000000001
Maine,2016,Female,31,141388,21.930000000000003
Maine,2016,Male,30,149455,20.07
Maryland,2016,Female,121,747985,16.180000000000003
Maryland,2016,Male,151,779307,19.380000000000003
Massachusetts,2016,Female,139,793369,17.52
Massachusetts,2016,Male,175,821812,21.290000000000003
Michigan,2016,Female,245,1219462,20.090000000000003
Michigan,2016,Male,245,1278988,19.16
Minnesota,2016,Female,125,708344,17.650000000000002
Minnesota,2016,Male,151,740497,20.39
Mississippi,2016,Female,75,396991,18.89
Mississippi,2016,Male,73,411870,17.72
Missouri,2016,Female,152,757626,20.060000000000002
Missouri,2016,Male,154,795921,19.35
Montana,2016,Female,21,124027,16.930000000000003
Montana,2016,Male,29,132052,21.96
Nebraska,2016,Female,49,260050,18.84
Nebraska,2016,Male,60,273360,21.950000000000003
Nevada,2016,Female,70,361128,19.380000000000003
Nevada,2016,Male,81,379986,21.32
New Hampshire,2016,Female,27,148539,18.180000000000003
New Hampshire,2016,Male,27,155512,17.36
New Jersey,2016,Female,233,1105632,21.07
New Jersey,2016,Male,252,1158478,21.75
New Mexico,2016,Female,43,272260,15.790000000000001
New Mexico,2016,Male,45,283661,15.86
New York,2016,Female,508,2353084,21.590000000000003
New York,2016,Male,490,2459343,19.92
North Carolina,2016,Female,213,1257589,16.94
North Carolina,2016,Male,308,1309263,23.52
North Dakota,2016,Male,19,103227,18.41
Ohio,2016,Female,245,1444514,16.96
Ohio,2016,Male,298,1515051,19.67
Oklahoma,2016,Female,98,522014,18.77
Oklahoma,2016,Male,104,548778,18.95
Oregon,2016,Female,85,474869,17.900000000000002
Oregon,2016,Male,86,499510,17.22
Pennsylvania,2016,Female,267,1502742,17.77
Pennsylvania,2016,Male,362,1572561,23.02
Rhode Island,2016,Female,24,123608,19.42
Rhode Island,2016,Male,22,127945,17.19
South Carolina,2016,Female,95,601276,15.8
South Carolina,2016,Male,124,625755,19.82
South Dakota,2016,Female,19,114797,16.55
South Dakota,2016,Male,25,121709,20.540000000000003
Tennessee,2016,Female,146,823501,17.73
Tennessee,2016,Male,169,860690,19.64
Texas,2016,Female,734,3964354,18.51
Texas,2016,Male,859,4145430,20.72
Utah,2016,Female,88,497980,17.669999999999998
Utah,2016,Male,100,524249,19.07
Virginia,2016,Female,187,1035520,18.06
Virginia,2016,Male,176,1080367,16.290000000000003
Washington,2016,Female,176,888453,19.810000000000002
Washington,2016,Male,195,934580,20.86
West Virginia,2016,Female,32,205560,15.57
West Virginia,2016,Male,45,216980,20.740000000000002
Wisconsin,2016,Female,137,714146,19.180000000000003
Wisconsin,2016,Male,152,748169,20.32
Wyoming,2016,Male,22,79448,27.689999999999998
Alabama,2017,Female,97,613327,15.82
Alabama,2017,Male,126,637619,19.76
Alaska,2017,Female,20,98642,20.28
Alaska,2017,Male,22,105533,20.85
Arizona,2017,Female,149,878027,16.97
Arizona,2017,Male,173,918236,18.84
Arkansas,2017,Female,65,383250,16.96
Arkansas,2017,Male,75,402883,18.62
California,2017,Female,824,4965524,16.59
California,2017,Male,999,5202080,19.200000000000003
Colorado,2017,Female,126,689325,18.28
Colorado,2017,Male,153,726035,21.07
Connecticut,2017,Female,87,425209,20.46
Connecticut,2017,Male,88,443046,19.86
Delaware,2017,Female,26,114741,22.66
Delaware,2017,Male,27,117619,22.96
Florida,2017,Female,441,2296203,19.21
Florida,2017,Male,486,2403055,20.22
Georgia,2017,Female,213,1384257,15.39
Georgia,2017,Male,300,1439006,20.85
Hawaii,2017,Female,26,166996,15.57
Hawaii,2017,Male,32,178688,17.91
Idaho,2017,Female,39,246930,15.790000000000001
Idaho,2017,Male,53,254030,20.86
Illinois,2017,Female,298,1605598,18.56
Illinois,2017,Male,344,1680756,20.47
Indiana,2017,Female,149,865567,17.21
Indiana,2017,Male,151,910416,16.59
Iowa,2017,Female,80,406669,19.67
Iowa,2017,Male,89,426936,20.85
Kansas,2017,Female,80,390885,20.47
Kansas,2017,Male,78,412880,18.89
Kentucky,2017,Female,123,554015,22.200000000000003
Kentucky,2017,Male,134,583633,22.96
Louisiana,2017,Female,77,606251,12.700000000000001
Louisiana,2017,Male,109,630461,17.290000000000003
Maine,2017,Female,38,140282,27.09
Maine,2017,Male,38,148635,25.57
Maryland,2017,Female,117,748950,15.62
Maryland,2017,Male,137,781253,17.540000000000003
Massachusetts,2017,Female,141,793381,17.77
Massachusetts,2017,Male,177,822086,21.53
Michigan,2017,Female,193,1214238,15.89
Michigan,2017,Male,230,1274410,18.05
Minnesota,2017,Female,142,712648,19.930000000000003
Minnesota,2017,Male,166,745418,22.27
Mississippi,2017,Female,65,394396,16.48
Mississippi,2017,Male,66,409239,16.130000000000003
Missouri,2017,Female,116,756563,15.330000000000002
Missouri,2017,Male,127,795930,15.96
Montana,2017,Female,27,124821,21.630000000000003
Montana,2017,Male,35,132969,26.32
Nebraska,2017,Female,54,261552,20.650000000000002
Nebraska,2017,Male,55,275194,19.990000000000002
Nevada,2017,Female,60,364692,16.45
Nevada,2017,Male,75,384117,19.53
New Hampshire,2017,Female,34,147558,23.040000000000003
New Hampshire,2017,Male,32,154474,20.72
New Jersey,2017,Female,234,1107010,21.14
New Jersey,2017,Male,223,1160583,19.21
New Mexico,2017,Female,40,270004,14.81
New Mexico,2017,Male,40,281503,14.21
New York,2017,Female,519,2342929,22.150000000000002
New York,2017,Male,509,2450407,20.77
North Carolina,2017,Female,213,1261963,16.880000000000003
North Carolina,2017,Male,238,1315686,18.09
North Dakota,2017,Male,17,103649,16.400000000000002
Ohio,2017,Female,251,1443278,17.39
Ohio,2017,Male,287,1514669,18.95
Oklahoma,2017,Female,82,520851,15.740000000000002
Oklahoma,2017,Male,90,547680,16.430000000000003
Oregon,2017,Female,105,476470,22.040000000000003
Oregon,2017,Male,110,501528,21.930000000000003
Pennsylvania,2017,Female,291,1500394,19.39
Pennsylvania,2017,Male,313,1570308,19.930000000000003
Rhode Island,2017,Female,21,123066,17.06
Rhode Island,2017,Male,35,127124,27.53
South Carolina,2017,Female,103,604821,17.03
South Carolina,2017,Male,112,629708,17.790000000000003
South Dakota,2017,Female,20,116041,17.240000000000002
South Dakota,2017,Male,20,123088,16.25
Tennessee,2017,Female,153,827780,18.48
Tennessee,2017,Male,159,865898,18.36
Texas,2017,Female,729,3994009,18.25
Texas,2017,Male,822,4178118,19.67
Utah,2017,Female,123,503604,24.42
Utah,2017,Male,102,530601,19.22
Vermont,2017,Female,18,68535,26.260000000000005
Vermont,2017,Male,16,72912,21.94
Virginia,2017,Female,159,1037842,15.32
Virginia,2017,Male,184,1084166,16.97
Washington,2017,Female,161,898716,17.91
Washington,2017,Male,207,944885,21.91
West Virginia,2017,Female,31,203145,15.26
West Virginia,2017,Male,50,214768,23.28
Wisconsin,2017,Female,133,712963,18.650000000000002
Wisconsin,2017,Male,149,746834,19.950000000000003
Wyoming,2017,Male,17,78122,21.76
Alabama,2018,Female,94,614159,15.31
Alabama,2018,Male,112,638552,17.540000000000003
Alaska,2018,Female,17,97410,17.45
Alaska,2018,Male,21,104258,20.14
Arizona,2018,Female,181,879298,20.580000000000002
Arizona,2018,Male,190,919161,20.67
Arkansas,2018,Female,58,382642,15.16
Arkansas,2018,Male,74,402362,18.39
California,2018,Female,871,4936310,17.64
California,2018,Male,1017,5175842,19.650000000000002
Colorado,2018,Female,116,691967,16.76
Colorado,2018,Male,141,727903,19.37
Connecticut,2018,Female,68,422838,16.080000000000002
Connecticut,2018,Male,92,440246,20.900000000000002
Delaware,2018,Female,30,115154,26.05
Delaware,2018,Male,26,117975,22.040000000000003
Florida,2018,Female,457,2313251,19.76
Florida,2018,Male,495,2419906,20.46
Georgia,2018,Female,251,1387537,18.09
Georgia,2018,Male,274,1443278,18.98
Hawaii,2018,Female,28,166332,16.830000000000002
Hawaii,2018,Male,36,178104,20.21
Idaho,2018,Female,41,249470,16.430000000000003
Idaho,2018,Male,35,256375,13.65
Illinois,2018,Female,299,1590639,18.8
Illinois,2018,Male,341,1665451,20.47
Indiana,2018,Female,154,867158,17.76
Indiana,2018,Male,165,913270,18.07
Iowa,2018,Female,55,406151,13.540000000000001
Iowa,2018,Male,81,426450,18.990000000000002
Kansas,2018,Female,74,389092,19.02
Kansas,2018,Male,76,411711,18.46
Kentucky,2018,Female,114,553733,20.590000000000003
Kentucky,2018,Male,132,583945,22.6
Louisiana,2018,Female,114,603315,18.900000000000002
Louisiana,2018,Male,128,627448,20.400000000000002
Maine,2018,Female,29,139626,20.77
Maine,2018,Male,34,147519,23.05
Maryland,2018,Female,126,750379,16.790000000000003
Maryland,2018,Male,130,782002,16.62
Massachusetts,2018,Female,144,791522,18.19
Massachusetts,2018,Male,155,820810,18.880000000000003
Michigan,2018,Female,238,1207309,19.71
Michigan,2018,Male,250,1267481,19.72
Minnesota,2018,Female,138,715366,19.290000000000003
Minnesota,2018,Male,164,749115,21.89
Mississippi,2018,Female,63,390559,16.130000000000003
Mississippi,2018,Male,56,405056,13.830000000000002
Missouri,2018,Female,108,755446,14.3
Missouri,2018,Male,161,795202,20.25
Montana,2018,Female,26,124883,20.82
Montana,2018,Male,29,133075,21.790000000000003
Nebraska,2018,Female,53,262602,20.180000000000003
Nebraska,2018,Male,65,276517,23.51
Nevada,2018,Female,77,369103,20.86
Nevada,2018,Male,78,388273,20.090000000000003
New Hampshire,2018,Female,35,146171,23.94
New Hampshire,2018,Male,31,153262,20.230000000000004
New Jersey,2018,Female,232,1108242,20.930000000000003
New Jersey,2018,Male,217,1161874,18.680000000000003
New Mexico,2018,Female,39,267371,14.590000000000002
New Mexico,2018,Male,49,279174,17.55
New York,2018,Female,479,2333872,20.52
New York,2018,Male,544,2442016,22.28
North Carolina,2018,Female,206,1266791,16.26
North Carolina,2018,Male,238,1321060,18.02
North Dakota,2018,Male,16,104882,15.26
Ohio,2018,Female,270,1440017,18.75
Ohio,2018,Male,284,1510435,18.8
Oklahoma,2018,Female,92,520022,17.69
Oklahoma,2018,Male,93,547017,17
Oregon,2018,Female,78,475605,16.400000000000002
Oregon,2018,Male,97,500561,19.380000000000003
Pennsylvania,2018,Female,296,1498838,19.75
Pennsylvania,2018,Male,278,1569496,17.71
Rhode Island,2018,Female,25,123035,20.32
Rhode Island,2018,Male,31,127119,24.39
South Carolina,2018,Female,92,608005,15.130000000000003
South Carolina,2018,Male,109,632962,17.22
South Dakota,2018,Female,18,116631,15.430000000000001
South Dakota,2018,Male,17,123314,13.790000000000001
Tennessee,2018,Female,124,832156,14.9
Tennessee,2018,Male,134,870152,15.4
Texas,2018,Female,768,4015017,19.130000000000003
Texas,2018,Male,840,4199097,20
Utah,2018,Female,104,507769,20.480000000000004
Utah,2018,Male,112,533880,20.980000000000004
Virginia,2018,Female,188,1039219,18.09
Virginia,2018,Male,155,1086927,14.26
Washington,2018,Female,176,903979,19.47
Washington,2018,Male,181,950394,19.040000000000003
West Virginia,2018,Female,43,201045,21.39
West Virginia,2018,Male,45,212849,21.14
Wisconsin,2018,Female,113,710758,15.9
Wisconsin,2018,Male,172,745469,23.07
Alabama,2019,Female,90,614567,14.64
Alabama,2019,Male,99,639001,15.490000000000002
Alaska,2019,Female,17,95972,17.71
Alaska,2019,Male,18,102858,17.5
Arizona,2019,Female,147,879986,16.7
Arizona,2019,Male,199,921382,21.6
Arkansas,2019,Female,70,381422,18.35
Arkansas,2019,Male,60,401351,14.950000000000001
California,2019,Female,795,4897552,16.23
California,2019,Male,988,5134385,19.240000000000002
Colorado,2019,Female,120,689725,17.400000000000002
Colorado,2019,Male,141,726330,19.41
Connecticut,2019,Female,74,419275,17.650000000000002
Connecticut,2019,Male,68,436223,15.590000000000002
Delaware,2019,Female,18,115289,15.61
Delaware,2019,Male,18,118432,15.200000000000001
District of Columbia,2019,Male,20,73089,27.360000000000003
Florida,2019,Female,480,2319636,20.69
Florida,2019,Male,492,2426670,20.27
Georgia,2019,Female,237,1390726,17.040000000000003
Georgia,2019,Male,245,1446523,16.94
Hawaii,2019,Female,19,165086,11.51
Hawaii,2019,Male,27,176835,15.27
Idaho,2019,Female,39,252640,15.440000000000001
Idaho,2019,Male,48,258975,18.53
Illinois,2019,Female,304,1574461,19.310000000000002
Illinois,2019,Male,321,1648863,19.47
Indiana,2019,Female,127,867426,14.64
Indiana,2019,Male,151,913615,16.53
Iowa,2019,Female,66,405950,16.26
Iowa,2019,Male,85,426510,19.930000000000003
Kansas,2019,Female,71,387215,18.34
Kansas,2019,Male,75,409730,18.3
Kentucky,2019,Female,119,552436,21.540000000000003
Kentucky,2019,Male,114,583390,19.540000000000003
Louisiana,2019,Female,89,600325,14.830000000000002
Louisiana,2019,Male,123,624070,19.71
Maine,2019,Female,33,139275,23.69
Maine,2019,Male,28,147091,19.040000000000003
Maryland,2019,Female,138,751570,18.36
Maryland,2019,Male,152,782885,19.42
Massachusetts,2019,Female,147,787400,18.669999999999998
Massachusetts,2019,Male,160,816626,19.590000000000003
Michigan,2019,Female,206,1198722,17.180000000000003
Michigan,2019,Male,186,1259199,14.77
Minnesota,2019,Female,137,717264,19.1
Minnesota,2019,Male,156,750998,20.77
Mississippi,2019,Female,51,387214,13.17
Mississippi,2019,Male,61,401340,15.200000000000001
Missouri,2019,Female,117,754331,15.51
Missouri,2019,Male,148,793746,18.650000000000002
Montana,2019,Female,23,124969,18.400000000000002
Montana,2019,Male,26,133247,19.51
Nebraska,2019,Female,54,262894,20.540000000000003
Nebraska,2019,Male,53,277160,19.12
Nevada,2019,Female,66,372640,17.71
Nevada,2019,Male,70,392131,17.85
New Hampshire,2019,Female,28,145321,19.27
New Hampshire,2019,Male,29,152011,19.080000000000002
New Jersey,2019,Female,189,1108135,17.06
New Jersey,2019,Male,237,1162645,20.380000000000003
New Mexico,2019,Female,42,265658,15.81
New Mexico,2019,Male,60,276912,21.67
New York,2019,Female,432,2321464,18.61
New York,2019,Male,507,2429142,20.87
North Carolina,2019,Female,233,1268593,18.37
North Carolina,2019,Male,236,1323961,17.830000000000002
North Dakota,2019,Male,23,106111,21.680000000000003
Ohio,2019,Female,280,1435993,19.5
Ohio,2019,Male,306,1506262,20.32
Oklahoma,2019,Female,90,519579,17.32
Oklahoma,2019,Male,114,546525,20.86
Oregon,2019,Female,85,473971,17.930000000000003
Oregon,2019,Male,88,499068,17.630000000000003
Pennsylvania,2019,Female,305,1492715,20.430000000000003
Pennsylvania,2019,Male,316,1562633,20.22
Rhode Island,2019,Female,18,122233,14.730000000000002
Rhode Island,2019,Male,24,126435,18.98
South Carolina,2019,Female,101,610616,16.540000000000003
South Carolina,2019,Male,96,636286,15.090000000000002
South Dakota,2019,Female,18,117121,15.37
South Dakota,2019,Male,19,123842,15.340000000000002
Tennessee,2019,Female,139,833291,16.680000000000003
Tennessee,2019,Male,147,872061,16.86
Texas,2019,Female,745,4036929,18.45
Texas,2019,Male,823,4221232,19.5
Utah,2019,Female,106,510026,20.78
Utah,2019,Male,98,536101,18.28
Virginia,2019,Female,188,1041342,18.05
Virginia,2019,Male,223,1089085,20.480000000000004
Washington,2019,Female,179,908257,19.71
Washington,2019,Male,193,954025,20.230000000000004
West Virginia,2019,Female,43,198641,21.650000000000002
West Virginia,2019,Male,41,211020,19.430000000000003
Wisconsin,2019,Female,130,708339,18.35
Wisconsin,2019,Male,138,742976,18.57
Wyoming,2019,Male,17,76746,22.150000000000002
Alabama,2020,Female,98,614414,15.950000000000001
Alabama,2020,Male,102,638547,15.969999999999999
Alaska,2020,Female,18,94954,18.96
Arizona,2020,Female,152,878119,17.31
Arizona,2020,Male,169,919536,18.380000000000003
Arkansas,2020,Female,49,379756,12.9
Arkansas,2020,Male,73,399476,18.27
California,2020,Female,815,4838743,16.84
California,2020,Male,928,5073096,18.290000000000003
Colorado,2020,Female,126,685604,18.380000000000003
Colorado,2020,Male,142,722310,19.66
Connecticut,2020,Female,75,415129,18.07
Connecticut,2020,Male,98,431237,22.730000000000004
Delaware,2020,Female,23,115393,19.930000000000003
Delaware,2020,Male,20,118596,16.86
District of Columbia,2020,Female,18,68553,26.260000000000005
Florida,2020,Female,416,2323116,17.91
Florida,2020,Male,496,2429100,20.42
Georgia,2020,Female,235,1385611,16.96
Georgia,2020,Male,280,1440459,19.44
Hawaii,2020,Female,24,162796,14.740000000000002
Hawaii,2020,Male,27,174759,15.450000000000001
Idaho,2020,Female,39,254603,15.32
Idaho,2020,Male,40,260981,15.330000000000002
Illinois,2020,Female,268,1551670,17.27
Illinois,2020,Male,318,1625555,19.560000000000002
Iowa,2020,Female,77,404140,19.05
Iowa,2020,Male,66,424698,15.540000000000001
Kansas,2020,Female,61,384444,15.87
Kansas,2020,Male,72,406553,17.71
Kentucky,2020,Female,98,550138,17.81
Kentucky,2020,Male,106,580542,18.26
Louisiana,2020,Female,95,594133,15.990000000000002
Louisiana,2020,Male,104,617953,16.830000000000002
Maine,2020,Female,26,138111,18.830000000000002
Maine,2020,Male,37,146106,25.32
Maryland,2020,Female,130,748154,17.380000000000003
Maryland,2020,Male,123,779346,15.780000000000001
Massachusetts,2020,Female,136,773240,17.59
Massachusetts,2020,Male,134,805092,16.64
Michigan,2020,Female,171,1186665,14.41
Michigan,2020,Male,197,1247060,15.8
Minnesota,2020,Female,124,715525,17.330000000000002
Minnesota,2020,Male,139,749209,18.55
Mississippi,2020,Female,44,382389,11.51
Mississippi,2020,Male,54,395888,13.64
Missouri,2020,Female,119,750634,15.850000000000001
Missouri,2020,Male,127,790569,16.06
Montana,2020,Male,23,133572,17.22
Nebraska,2020,Female,40,262410,15.240000000000002
Nebraska,2020,Male,47,276681,16.990000000000002
Nevada,2020,Female,61,373310,16.34
Nevada,2020,Male,76,392696,19.35
New Hampshire,2020,Female,23,143906,15.980000000000002
New Hampshire,2020,Male,34,150436,22.6
New Jersey,2020,Female,204,1104065,18.48
New Jersey,2020,Male,222,1158212,19.169999999999998
New Mexico,2020,Female,36,262861,13.700000000000001
New Mexico,2020,Male,38,274173,13.86
New York,2020,Female,404,2293118,17.62
New York,2020,Male,515,2401000,21.450000000000003
North Carolina,2020,Female,193,1261318,15.3
North Carolina,2020,Male,252,1317342,19.130000000000003
North Dakota,2020,Male,17,106619,15.940000000000001
Ohio,2020,Female,240,1426141,16.830000000000002
Ohio,2020,Male,282,1495359,18.86
Oklahoma,2020,Female,83,518558,16.01
Oklahoma,2020,Male,90,545604,16.5
Oregon,2020,Female,77,470936,16.35
Oregon,2020,Male,100,495922,20.16
Pennsylvania,2020,Female,261,1483130,17.6
Pennsylvania,2020,Male,278,1551982,17.91
Rhode Island,2020,Female,20,121155,16.51
Rhode Island,2020,Male,20,125255,15.969999999999999
South Carolina,2020,Female,82,610804,13.42
South Carolina,2020,Male,103,636476,16.180000000000003
South Dakota,2020,Female,18,117226,15.350000000000001
South Dakota,2020,Male,27,123910,21.790000000000003
Tennessee,2020,Female,131,833067,15.730000000000002
Tennessee,2020,Male,156,871888,17.89
Texas,2020,Female,685,4044120,16.94
Texas,2020,Male,820,4229130,19.39
Utah,2020,Female,84,510063,16.47
Utah,2020,Male,134,536328,24.980000000000004
Vermont,2020,Male,20,71166,28.1
Virginia,2020,Female,158,1038462,15.21
Virginia,2020,Male,177,1086581,16.290000000000003
Washington,2020,Female,179,908661,19.700000000000003
Washington,2020,Male,181,955080,18.95
West Virginia,2020,Female,39,196353,19.86
West Virginia,2020,Male,45,208485,21.580000000000002
Wisconsin,2020,Female,119,702789,16.930000000000003
Wisconsin,2020,Male,133,737355,18.040000000000003
Wyoming,2020,Female,16,71549,22.36
Wyoming,2020,Male,21,76348,27.510000000000005
Alabama,2021,Female,78,612378,12.740000000000002
Alabama,2021,Male,78,636054,12.26
Alaska,2021,Male,17,100600,16.900000000000002
Arizona,2021,Female,157,869166,18.06
Arizona,2021,Male,163,911024,17.89
Arkansas,2021,Female,66,378036,17.46
Arkansas,2021,Male,68,397519,17.11
California,2021,Female,766,4697942,16.31
California,2021,Male,909,4936223,18.41
Colorado,2021,Female,100,673051,14.86
Colorado,2021,Male,133,710100,18.73
Connecticut,2021,Female,68,415302,16.37
Connecticut,2021,Male,92,429364,21.430000000000003
Delaware,2021,Female,19,115059,16.51
Delaware,2021,Male,20,118148,16.930000000000003
District of Columbia,2021,Male,16,72357,22.11
Florida,2021,Female,458,2316399,19.77
Florida,2021,Male,488,2422490,20.14
Georgia,2021,Female,251,1371706,18.3
Georgia,2021,Male,253,1426565,17.73
Hawaii,2021,Female,25,160303,15.600000000000001
Hawaii,2021,Male,26,171863,15.130000000000003
Idaho,2021,Female,51,257851,19.78
Idaho,2021,Male,38,264660,14.36
Illinois,2021,Female,253,1516260,16.69
Illinois,2021,Male,308,1588661,19.39
Iowa,2021,Female,70,400549,17.48
Iowa,2021,Male,78,421067,18.52
Kansas,2021,Female,63,379833,16.59
Kansas,2021,Male,62,401212,15.450000000000001
Kentucky,2021,Female,91,544504,16.71
Kentucky,2021,Male,118,574128,20.55
Louisiana,2021,Female,92,585300,15.719999999999999
Louisiana,2021,Male,104,608746,17.080000000000002
Maine,2021,Female,28,137008,20.44
Maine,2021,Male,35,144778,24.17
Maryland,2021,Female,103,739037,13.940000000000001
Maryland,2021,Male,109,769585,14.16
Massachusetts,2021,Female,120,765339,15.680000000000001
Massachusetts,2021,Male,155,793829,19.53
Michigan,2021,Female,181,1160134,15.600000000000001
Michigan,2021,Male,185,1221725,15.14
Minnesota,2021,Female,128,706499,18.12
Minnesota,2021,Male,124,740272,16.75
Mississippi,2021,Female,53,377226,14.05
Mississippi,2021,Male,70,390487,17.930000000000003
Missouri,2021,Female,111,744398,14.91
Missouri,2021,Male,134,785186,17.07
Montana,2021,Male,30,133975,22.39
Nebraska,2021,Female,57,259349,21.980000000000004
Nebraska,2021,Male,45,273878,16.430000000000003
Nevada,2021,Female,41,370755,11.06
Nevada,2021,Male,67,389891,17.180000000000003
New Hampshire,2021,Female,21,141077,14.89
New Hampshire,2021,Male,33,147960,22.3
New Jersey,2021,Female,227,1087791,20.87
New Jersey,2021,Male,232,1142049,20.310000000000002
New Mexico,2021,Female,32,257078,12.450000000000001
New Mexico,2021,Male,48,268512,17.880000000000003
New York,2021,Female,457,2241045,20.39
New York,2021,Male,484,2344859,20.64
North Carolina,2021,Female,185,1262335,14.66
North Carolina,2021,Male,248,1315757,18.85
North Dakota,2021,Female,17,100857,16.86
North Dakota,2021,Male,20,106382,18.8
Ohio,2021,Female,254,1400539,18.14
Ohio,2021,Male,302,1471798,20.52
Oklahoma,2021,Female,85,517285,16.430000000000003
Oklahoma,2021,Male,118,544401,21.680000000000003
Oregon,2021,Female,83,463754,17.900000000000002
Oregon,2021,Male,90,488175,18.44
Pennsylvania,2021,Female,261,1475742,17.69
Pennsylvania,2021,Male,305,1541682,19.78
Rhode Island,2021,Female,22,119128,18.47
Rhode Island,2021,Male,20,122821,16.28
South Carolina,2021,Female,97,609974,15.9
South Carolina,2021,Male,91,636328,14.3
South Dakota,2021,Female,29,117295,24.72
Tennessee,2021,Female,164,829341,19.77
Tennessee,2021,Male,180,868170,20.730000000000004
Texas,2021,Female,758,4030225,18.81
Texas,2021,Male,794,4215581,18.830000000000002
Utah,2021,Female,111,508152,21.840000000000003
Utah,2021,Male,132,534574,24.69
Vermont,2021,Female,16,65852,24.3
Virginia,2021,Female,131,1028042,12.740000000000002
Virginia,2021,Male,142,1076335,13.190000000000001
Washington,2021,Female,155,891045,17.400000000000002
Washington,2021,Male,177,938718,18.86
West Virginia,2021,Female,35,194003,18.040000000000003
West Virginia,2021,Male,31,205696,15.07
Wisconsin,2021,Female,121,687052,17.61
Wisconsin,2021,Male,112,722204,15.51
NA,NA,NA,NA,NA,NA
NA,NA,NA,NA,NA,NA
NA,NA,NA,NA,NA,NA
NA,NA,NA,NA,NA,NA
NA,NA,NA,NA,NA,NA
NA,NA,NA,NA,NA,NA
NA,NA,NA,NA,NA,NA
NA,NA,NA,NA,NA,NA
NA,NA,NA,NA,NA,NA
NA,NA,NA,NA,NA,NA
NA,NA,NA,NA,NA,NA
NA,NA,NA,NA,NA,NA
NA,NA,NA,NA,NA,NA
NA,NA,NA,NA,NA,NA
NA,NA,NA,NA,NA,NA
NA,NA,NA,NA,NA,NA
NA,NA,NA,NA,NA,NA
NA,NA,NA,NA,NA,NA
NA,NA,NA,NA,NA,NA
NA,NA,NA,NA,NA,NA
NA,NA,NA,NA,NA,NA
NA,NA,NA,NA,NA,NA
NA,NA,NA,NA,NA,NA
NA,NA,NA,NA,NA,NA
NA,NA,NA,NA,NA,NA
NA,NA,NA,NA,NA,NA
NA,NA,NA,NA,NA,NA
NA,NA,NA,NA,NA,NA
NA,NA,NA,NA,NA,NA
NA,NA,NA,NA,NA,NA
NA,NA,NA,NA,NA,NA
NA,NA,NA,NA,NA,NA
NA,NA,NA,NA,NA,NA
NA,NA,NA,NA,NA,NA
NA,NA,NA,NA,NA,NA
NA,NA,NA,NA,NA,NA
NA,NA,NA,NA,NA,NA
NA,NA,NA,NA,NA,NA
NA,NA,NA,NA,NA,NA
NA,NA,NA,NA,NA,NA
NA,NA,NA,NA,NA,NA
NA,NA,NA,NA,NA,NA
NA,NA,NA,NA,NA,NA
NA,NA,NA,NA,NA,NA
NA,NA,NA,NA,NA,NA
NA,NA,NA,NA,NA,NA
NA,NA,NA,NA,NA,NA
NA,NA,NA,NA,NA,NA
NA,NA,NA,NA,NA,NA
NA,NA,NA,NA,NA,NA
NA,NA,NA,NA,NA,NA
NA,NA,NA,NA,NA,NA
NA,NA,NA,NA,NA,NA
NA,NA,NA,NA,NA,NA
NA,NA,NA,NA,NA,NA
NA,NA,NA,NA,NA,NA
NA,NA,NA,NA,NA,NA
NA,NA,NA,NA,NA,NA
NA,NA,NA,NA,NA,NA
NA,NA,NA,NA,NA,NA
NA,NA,NA,NA,NA,NA
NA,NA,NA,NA,NA,NA
NA,NA,NA,NA,NA,NA
NA,NA,NA,NA,NA,NA
NA,NA,NA,NA,NA,NA
NA,NA,NA,NA,NA,NA
NA,NA,NA,NA,NA,NA
NA,NA,NA,NA,NA,NA
