state,year,count,population,crude_rate_100k
Alabama,1999,158,1255857,12.58
Alaska,1999,25,208726,11.98
Arizona,1999,212,1480412,14.32
Arkansas,1999,104,762405,13.64
California,1999,1623,10162042,15.969999999999999
Colorado,1999,195,1204900,16.180000000000003
Connecticut,1999,144,917417,15.700000000000001
Delaware,1999,36,215727,16.69
District of Columbia,1999,16,134755,11.870000000000001
Florida,1999,652,4003280,16.290000000000003
Georgia,1999,329,2373428,13.86
Hawaii,1999,53,331050,16.01
Idaho,1999,70,411481,17.01
Illinois,1999,591,3599110,16.419999999999998
Indiana,1999,297,1755549,16.919999999999998
Iowa,1999,123,827846,14.86
Kansas,1999,111,798028,13.91
Kentucky,1999,171,1116377,15.32
Louisiana,1999,205,1376341,14.89
Maine,1999,63,336396,18.73
Maryland,1999,251,1482861,16.930000000000003
Massachusetts,1999,262,1666586,15.719999999999999
Michigan,1999,438,2881172,15.200000000000001
Minnesota,1999,226,1429505,15.81
Missouri,1999,221,1594201,13.86
Montana,1999,45,258680,17.400000000000002
Nebraska,1999,84,505276,16.62
Nevada,1999,77,541544,14.219999999999999
New Hampshire,1999,47,342122,13.740000000000002
New Jersey,1999,398,2263704,17.580000000000002
New Mexico,1999,91,567386,16.040000000000003
New York,1999,869,5187922,16.75
North Carolina,1999,332,2158582,15.380000000000003
North Dakota,1999,22,185754,11.840000000000002
Ohio,1999,533,3222127,16.540000000000003
Oklahoma,1999,151,1004768,15.030000000000001
Oregon,1999,168,940829,17.86
Pennsylvania,1999,549,3275657,16.76
Rhode Island,1999,37,280486,13.190000000000001
South Carolina,1999,146,1132367,12.89
Tennessee,1999,175,1548896,11.3
Texas,1999,1112,6488388,17.14
Utah,1999,129,808255,15.96
Vermont,1999,34,166246,20.450000000000003
Virginia,1999,273,1918957,14.230000000000002
Washington,1999,274,1674996,16.36
West Virginia,1999,77,460838,16.71
Wisconsin,1999,239,1530291,15.62
Wyoming,1999,24,147463,16.28
Alabama,2000,204,1255347,16.25
Alaska,2000,29,208054,13.940000000000001
Arizona,2000,245,1525842,16.06
Arkansas,2000,117,760784,15.380000000000003
California,2000,1609,10255924,15.690000000000001
Colorado,2000,208,1231243,16.89
Connecticut,2000,177,926152,19.11
Delaware,2000,40,218649,18.290000000000003
District of Columbia,2000,20,135284,14.780000000000001
Florida,2000,711,4058589,17.52
Georgia,2000,367,2422975,15.15
Hawaii,2000,38,326890,11.620000000000001
Idaho,2000,62,415519,14.92
Illinois,2000,547,3606347,15.17
Indiana,2000,283,1764612,16.040000000000003
Iowa,2000,148,827924,17.880000000000003
Kansas,2000,110,799571,13.76
Kentucky,2000,194,1114144,17.41
Louisiana,2000,192,1365997,14.06
Maine,2000,50,335714,14.89
Maryland,2000,222,1493782,14.86
Massachusetts,2000,286,1676429,17.06
Michigan,2000,493,2884980,17.09
Minnesota,2000,261,1438110,18.150000000000002
Missouri,2000,260,1595254,16.3
Montana,2000,60,257558,23.3
Nebraska,2000,75,504598,14.86
Nevada,2000,94,566256,16.6
New Hampshire,2000,54,345002,15.65
New Jersey,2000,413,2285412,18.07
New Mexico,2000,85,564526,15.06
New York,2000,904,5206876,17.36
North Carolina,2000,343,2196520,15.62
North Dakota,2000,24,183168,13.100000000000001
Ohio,2000,482,3214599,14.990000000000002
Oklahoma,2000,151,1001944,15.07
Oregon,2000,148,945370,15.66
Pennsylvania,2000,562,3267204,17.2
Rhode Island,2000,62,282804,21.92
South Carolina,2000,161,1137657,14.15
Tennessee,2000,215,1562595,13.76
Texas,2000,1143,6568599,17.400000000000002
Utah,2000,146,814633,17.919999999999998
Vermont,2000,26,166313,15.630000000000003
Virginia,2000,296,1940254,15.26
Washington,2000,283,1686223,16.78
West Virginia,2000,72,453453,15.880000000000003
Wisconsin,2000,259,1533977,16.880000000000003
Wyoming,2000,21,145286,14.450000000000001
Alabama,2001,175,1249631,14
Alaska,2001,27,207943,12.980000000000002
Arizona,2001,264,1546638,17.07
Arkansas,2001,132,756879,17.44
California,2001,1740,10313880,16.87
Colorado,2001,199,1256827,15.830000000000002
Connecticut,2001,183,934730,19.580000000000002
Delaware,2001,48,219794,21.840000000000003
District of Columbia,2001,17,135330,12.56
Florida,2001,759,4121474,18.419999999999998
Georgia,2001,394,2460269,16.01
Hawaii,2001,62,326708,18.98
Idaho,2001,87,418950,20.77
Illinois,2001,595,3603190,16.51
Indiana,2001,310,1767384,17.540000000000003
Iowa,2001,145,824756,17.580000000000002
Kansas,2001,129,798625,16.150000000000002
Kentucky,2001,206,1109841,18.56
Louisiana,2001,199,1349122,14.75
Maine,2001,63,335588,18.77
Maryland,2001,169,1506076,11.22
Massachusetts,2001,264,1683014,15.690000000000001
Michigan,2001,532,2880673,18.47
Minnesota,2001,270,1443735,18.7
Missouri,2001,220,1593065,13.81
Montana,2001,41,256430,15.990000000000002
Nebraska,2001,90,504986,17.82
Nevada,2001,103,584060,17.64
New Hampshire,2001,63,347811,18.11
New Jersey,2001,463,2303248,20.1
New Mexico,2001,103,560758,18.37
New York,2001,936,5193778,18.02
North Carolina,2001,340,2239347,15.180000000000001
North Dakota,2001,32,181084,17.669999999999998
Ohio,2001,498,3200250,15.56
Oklahoma,2001,160,996798,16.05
Oregon,2001,170,947017,17.95
Pennsylvania,2001,574,3256966,17.62
Rhode Island,2001,59,283057,20.840000000000003
South Carolina,2001,163,1140572,14.290000000000001
South Dakota,2001,29,226592,12.8
Tennessee,2001,248,1565704,15.840000000000002
Texas,2001,1252,6650892,18.82
Utah,2001,139,819288,16.97
Vermont,2001,33,166257,19.85
Virginia,2001,257,1960964,13.11
Washington,2001,314,1688011,18.6
West Virginia,2001,75,446339,16.8
Wisconsin,2001,277,1535518,18.040000000000003
Wyoming,2001,21,142882,14.700000000000001
Alabama,2002,194,1244435,15.590000000000002
Alaska,2002,44,208485,21.1
Arizona,2002,274,1575649,17.39
Arkansas,2002,88,755574,11.65
California,2002,1792,10354903,17.31
Colorado,2002,205,1269413,16.150000000000002
Connecticut,2002,168,940829,17.86
Delaware,2002,34,221312,15.36
District of Columbia,2002,21,134833,15.57
Florida,2002,776,4190302,18.52
Georgia,2002,399,2493892,16
Hawaii,2002,37,326687,11.33
Idaho,2002,85,421525,20.16
Illinois,2002,584,3594189,16.25
Indiana,2002,327,1764686,18.53
Iowa,2002,158,817559,19.330000000000002
Kansas,2002,143,795970,17.97
Kentucky,2002,190,1109644,17.12
Louisiana,2002,201,1338467,15.02
Maine,2002,65,334528,19.430000000000003
Maryland,2002,233,1519125,15.340000000000002
Massachusetts,2002,264,1683589,15.680000000000001
Michigan,2002,544,2869862,18.96
Minnesota,2002,249,1439059,17.3
Missouri,2002,248,1589672,15.600000000000001
Montana,2002,53,253518,20.91
Nebraska,2002,81,504188,16.07
Nevada,2002,91,602712,15.100000000000001
New Hampshire,2002,56,348934,16.05
New Jersey,2002,422,2318754,18.2
New Mexico,2002,109,560824,19.44
New York,2002,912,5177855,17.61
North Carolina,2002,342,2273537,15.040000000000001
North Dakota,2002,20,177804,11.25
Ohio,2002,509,3182127,16
Oklahoma,2002,152,995124,15.27
Oregon,2002,177,949117,18.650000000000002
Pennsylvania,2002,615,3247389,18.94
Rhode Island,2002,44,284138,15.490000000000002
South Carolina,2002,181,1145171,15.81
South Dakota,2002,37,224075,16.51
Tennessee,2002,229,1570856,14.580000000000002
Texas,2002,1179,6731078,17.52
Utah,2002,144,823859,17.48
Vermont,2002,42,165358,25.400000000000002
Virginia,2002,301,1980961,15.190000000000001
Washington,2002,313,1687895,18.540000000000003
West Virginia,2002,78,443378,17.59
Wisconsin,2002,268,1532552,17.490000000000002
Alabama,2003,173,1242649,13.92
Alaska,2003,34,207363,16.400000000000002
Arizona,2003,240,1606325,14.940000000000001
Arkansas,2003,139,756927,18.36
California,2003,1633,10407621,15.690000000000001
Colorado,2003,240,1276428,18.8
Connecticut,2003,183,944098,19.380000000000003
Delaware,2003,46,222880,20.64
District of Columbia,2003,20,132400,15.11
Florida,2003,762,4252139,17.919999999999998
Georgia,2003,379,2526258,15
Hawaii,2003,47,327319,14.36
Idaho,2003,91,424477,21.44
Illinois,2003,573,3581302,16
Indiana,2003,285,1767761,16.12
Iowa,2003,132,813899,16.22
Kansas,2003,130,794276,16.37
Kentucky,2003,181,1112867,16.26
Louisiana,2003,209,1331577,15.700000000000001
Maine,2003,62,333646,18.580000000000002
Maryland,2003,238,1526497,15.590000000000002
Massachusetts,2003,292,1678346,17.400000000000002
Michigan,2003,500,2859024,17.490000000000002
Minnesota,2003,233,1435346,16.23
Mississippi,2003,131,851364,15.39
Missouri,2003,250,1588704,15.740000000000002
Montana,2003,41,252166,16.26
Nebraska,2003,93,503725,18.46
Nevada,2003,87,621575,14
New Hampshire,2003,72,348196,20.680000000000003
New Jersey,2003,432,2330306,18.540000000000003
New Mexico,2003,88,559903,15.719999999999999
New York,2003,892,5149468,17.32
North Carolina,2003,353,2300840,15.340000000000002
North Dakota,2003,43,174891,24.590000000000003
Ohio,2003,574,3169697,18.11
Oklahoma,2003,158,992384,15.92
Oregon,2003,158,949330,16.64
Pennsylvania,2003,602,3239738,18.580000000000002
Rhode Island,2003,52,283928,18.31
South Carolina,2003,155,1149948,13.480000000000002
South Dakota,2003,28,222664,12.58
Tennessee,2003,258,1582280,16.31
Texas,2003,1249,6809683,18.34
Utah,2003,148,829424,17.84
Vermont,2003,30,163855,18.31
Virginia,2003,294,1994268,14.740000000000002
Washington,2003,271,1686857,16.07
West Virginia,2003,76,441697,17.21
Wisconsin,2003,288,1526736,18.86
Wyoming,2003,25,140764,17.76
Alabama,2004,221,1244847,17.75
Alaska,2004,34,207317,16.400000000000002
Arizona,2004,275,1643951,16.73
Arkansas,2004,111,761182,14.580000000000002
California,2004,1849,10443725,17.7
Colorado,2004,217,1278974,16.97
Connecticut,2004,169,943246,17.919999999999998
Delaware,2004,47,224915,20.900000000000002
District of Columbia,2004,21,130664,16.07
Florida,2004,744,4338695,17.150000000000002
Georgia,2004,394,2563023,15.37
Hawaii,2004,48,331052,14.5
Idaho,2004,78,429860,18.150000000000002
Illinois,2004,616,3571714,17.25
Indiana,2004,290,1773433,16.35
Iowa,2004,126,812234,15.51
Kansas,2004,139,791308,17.57
Kentucky,2004,197,1113460,17.69
Louisiana,2004,192,1326027,14.480000000000002
Maine,2004,68,331832,20.490000000000002
Maryland,2004,223,1533272,14.540000000000001
Massachusetts,2004,287,1668500,17.2
Michigan,2004,500,2847180,17.56
Minnesota,2004,293,1434533,20.42
Mississippi,2004,87,852530,10.200000000000001
Missouri,2004,259,1590304,16.290000000000003
Montana,2004,54,251286,21.490000000000002
Nebraska,2004,97,503876,19.25
Nevada,2004,114,647180,17.61
New Hampshire,2004,78,346853,22.490000000000002
New Jersey,2004,457,2336900,19.560000000000002
New Mexico,2004,100,560713,17.830000000000002
New York,2004,983,5110669,19.230000000000004
North Carolina,2004,406,2330717,17.419999999999998
North Dakota,2004,33,173733,18.990000000000002
Ohio,2004,561,3160151,17.75
Oklahoma,2004,180,990091,18.180000000000003
Oregon,2004,175,945880,18.5
Pennsylvania,2004,588,3235436,18.169999999999998
Rhode Island,2004,56,283300,19.77
South Carolina,2004,183,1158386,15.8
South Dakota,2004,39,222129,17.56
Tennessee,2004,289,1594363,18.130000000000003
Texas,2004,1293,6893798,18.76
Utah,2004,138,839214,16.44
Vermont,2004,34,162214,20.96
Virginia,2004,327,2018321,16.2
Washington,2004,318,1695630,18.75
West Virginia,2004,78,441555,17.66
Wisconsin,2004,223,1523677,14.64
Wyoming,2004,22,140504,15.66
Alabama,2005,170,1247558,13.630000000000003
Alaska,2005,30,205778,14.580000000000002
Arizona,2005,297,1693743,17.540000000000003
Arkansas,2005,109,767761,14.200000000000001
California,2005,1816,10441553,17.39
Colorado,2005,240,1289504,18.61
Connecticut,2005,182,939226,19.380000000000003
Delaware,2005,41,227482,18.02
District of Columbia,2005,16,128159,12.48
Florida,2005,780,4426511,17.62
Georgia,2005,404,2610593,15.480000000000002
Hawaii,2005,57,331125,17.21
Idaho,2005,71,439230,16.16
Illinois,2005,614,3552913,17.28
Indiana,2005,302,1780255,16.96
Iowa,2005,150,809750,18.52
Kansas,2005,126,789469,15.96
Kentucky,2005,211,1119269,18.85
Louisiana,2005,181,1266232,14.290000000000001
Maine,2005,65,328883,19.76
Maryland,2005,232,1534518,15.12
Massachusetts,2005,297,1654917,17.95
Michigan,2005,522,2823815,18.490000000000002
Minnesota,2005,231,1429877,16.16
Mississippi,2005,133,842332,15.790000000000001
Missouri,2005,294,1591905,18.47
Montana,2005,50,250134,19.990000000000002
Nebraska,2005,90,503481,17.880000000000003
Nevada,2005,122,670125,18.21
New Hampshire,2005,70,345256,20.27
New Jersey,2005,430,2332099,18.44
New Mexico,2005,105,562362,18.669999999999998
New York,2005,911,5053118,18.03
North Carolina,2005,427,2371142,18.01
North Dakota,2005,36,171700,20.97
Ohio,2005,555,3142242,17.66
Oklahoma,2005,152,992206,15.32
Oregon,2005,161,948792,16.97
Pennsylvania,2005,626,3226468,19.400000000000002
Rhode Island,2005,49,278648,17.580000000000002
South Carolina,2005,155,1167061,13.280000000000001
South Dakota,2005,28,221267,12.65
Tennessee,2005,265,1612057,16.44
Texas,2005,1214,6976844,17.400000000000002
Utah,2005,161,854507,18.84
Vermont,2005,22,160018,13.75
Virginia,2005,341,2033460,16.77
Washington,2005,335,1698371,19.72
West Virginia,2005,72,439884,16.37
Wisconsin,2005,278,1517031,18.330000000000002
Wyoming,2005,20,140105,14.280000000000001
Alabama,2006,186,1259673,14.77
Alaska,2006,36,205868,17.490000000000002
Arizona,2006,298,1745335,17.07
Arkansas,2006,119,776646,15.32
California,2006,1768,10426324,16.96
Colorado,2006,210,1305551,16.09
Connecticut,2006,155,935104,16.580000000000002
Delaware,2006,45,229456,19.61
District of Columbia,2006,16,126846,12.61
Florida,2006,818,4495577,18.2
Georgia,2006,439,2669592,16.44
Hawaii,2006,46,332764,13.82
Idaho,2006,80,449429,17.8
Illinois,2006,592,3537020,16.740000000000002
Indiana,2006,305,1790845,17.03
Iowa,2006,117,812182,14.41
Kansas,2006,146,789101,18.5
Kentucky,2006,169,1126137,15.01
Louisiana,2006,183,1209304,15.130000000000003
Maine,2006,64,325899,19.64
Maryland,2006,232,1532167,15.14
Massachusetts,2006,346,1644388,21.040000000000003
Michigan,2006,502,2796852,17.95
Minnesota,2006,247,1430719,17.26
Mississippi,2006,129,846218,15.240000000000002
Missouri,2006,251,1596872,15.719999999999999
Montana,2006,44,250037,17.6
Nebraska,2006,86,503694,17.07
Nevada,2006,126,695646,18.11
New Hampshire,2006,70,343282,20.39
New Jersey,2006,443,2320362,19.09
New Mexico,2006,81,564480,14.350000000000001
New York,2006,959,5001918,19.169999999999998
North Carolina,2006,415,2420033,17.150000000000002
North Dakota,2006,29,170222,17.040000000000003
Ohio,2006,543,3128181,17.36
Oklahoma,2006,208,1001264,20.77
Oregon,2006,187,956786,19.540000000000003
Pennsylvania,2006,634,3223047,19.67
Rhode Island,2006,47,274986,17.09
South Carolina,2006,199,1182215,16.830000000000002
South Dakota,2006,30,221597,13.540000000000001
Tennessee,2006,253,1634569,15.480000000000002
Texas,2006,1352,7146953,18.919999999999998
Utah,2006,153,876494,17.46
Vermont,2006,34,157896,21.53
Virginia,2006,330,2046587,16.12
Washington,2006,305,1713930,17.8
West Virginia,2006,65,439691,14.780000000000001
Wisconsin,2006,269,1513469,17.77
Wyoming,2006,23,141210,16.290000000000003
Alabama,2007,210,1267999,16.56
Alaska,2007,34,204645,16.61
Arizona,2007,302,1785103,16.919999999999998
Arkansas,2007,144,782997,18.39
California,2007,1889,10419053,18.130000000000003
Colorado,2007,231,1323445,17.45
Connecticut,2007,169,930555,18.16
Delaware,2007,38,231779,16.39
District of Columbia,2007,18,125451,14.350000000000001
Florida,2007,854,4520513,18.89
Georgia,2007,472,2729049,17.3
Hawaii,2007,53,333499,15.89
Idaho,2007,83,460456,18.03
Illinois,2007,630,3531290,17.84
Indiana,2007,341,1800421,18.94
Iowa,2007,150,814834,18.41
Kansas,2007,142,794777,17.87
Kentucky,2007,208,1133012,18.36
Louisiana,2007,194,1229822,15.77
Maine,2007,56,322741,17.35
Maryland,2007,240,1527590,15.71
Massachusetts,2007,289,1637403,17.650000000000002
Michigan,2007,539,2765779,19.490000000000002
Minnesota,2007,251,1433925,17.5
Mississippi,2007,115,852442,13.490000000000002
Missouri,2007,226,1602212,14.11
Montana,2007,24,250912,9.57
Nebraska,2007,85,504876,16.84
Nevada,2007,115,718348,16.01
New Hampshire,2007,65,339591,19.14
New Jersey,2007,428,2310920,18.52
New Mexico,2007,93,568165,16.37
New York,2007,954,4965536,19.21
North Carolina,2007,452,2480165,18.22
North Dakota,2007,34,169876,20.01
Ohio,2007,484,3118812,15.52
Oklahoma,2007,194,1011828,19.169999999999998
Oregon,2007,214,964328,22.19
Pennsylvania,2007,655,3217880,20.36
Rhode Island,2007,38,271011,14.02
South Carolina,2007,195,1200413,16.240000000000002
South Dakota,2007,32,223026,14.350000000000001
Tennessee,2007,265,1652684,16.03
Texas,2007,1347,7276869,18.51
Utah,2007,167,903708,18.48
Vermont,2007,29,155971,18.59
Virginia,2007,351,2057072,17.06
Washington,2007,320,1729590,18.5
West Virginia,2007,81,439891,18.41
Wisconsin,2007,277,1512810,18.31
Wyoming,2007,25,144357,17.32
Alabama,2008,208,1276607,16.290000000000003
Alaska,2008,36,204039,17.64
Arizona,2008,279,1814820,15.37
Arkansas,2008,117,788595,14.840000000000002
California,2008,1933,10448668,18.5
Colorado,2008,229,1341086,17.080000000000002
Connecticut,2008,173,926767,18.669999999999998
Delaware,2008,57,233768,24.380000000000003
District of Columbia,2008,26,124867,20.82
Florida,2008,887,4527628,19.590000000000003
Georgia,2008,470,2763796,17.01
Hawaii,2008,56,335167,16.71
Idaho,2008,80,468822,17.06
Illinois,2008,629,3522622,17.86
Indiana,2008,352,1808812,19.46
Iowa,2008,143,818652,17.47
Kansas,2008,153,799701,19.130000000000003
Kentucky,2008,189,1142982,16.540000000000003
Louisiana,2008,209,1245348,16.78
Maine,2008,70,319449,21.91
Maryland,2008,275,1522335,18.06
Massachusetts,2008,301,1632561,18.44
Michigan,2008,514,2724448,18.87
Minnesota,2008,269,1435004,18.75
Mississippi,2008,123,855160,14.380000000000003
Missouri,2008,254,1604617,15.830000000000002
Montana,2008,41,251982,16.27
Nebraska,2008,98,507566,19.310000000000002
Nevada,2008,111,731131,15.180000000000001
New Hampshire,2008,73,335369,21.77
New Jersey,2008,435,2303527,18.880000000000003
New Mexico,2008,84,571815,14.690000000000001
New York,2008,943,4945553,19.07
North Carolina,2008,411,2523924,16.28
North Dakota,2008,25,169996,14.71
Ohio,2008,545,3105558,17.55
Oklahoma,2008,162,1021071,15.87
Oregon,2008,188,971055,19.36
Pennsylvania,2008,554,3208808,17.26
Rhode Island,2008,46,268132,17.16
South Carolina,2008,178,1217007,14.630000000000003
South Dakota,2008,32,224087,14.280000000000001
Tennessee,2008,326,1670378,19.52
Texas,2008,1441,7409811,19.450000000000003
Utah,2008,182,927945,19.61
Vermont,2008,28,154133,18.169999999999998
Virginia,2008,358,2067145,17.32
Washington,2008,323,1746269,18.5
West Virginia,2008,89,440893,20.19
Wisconsin,2008,312,1511190,20.650000000000002
Alabama,2009,208,1278959,16.26
Alaska,2009,35,207358,16.880000000000003
Arizona,2009,319,1817884,17.55
Arkansas,2009,145,792501,18.3
California,2009,1907,10451060,18.25
Colorado,2009,227,1356810,16.73
Connecticut,2009,201,921458,21.810000000000002
Delaware,2009,42,234309,17.930000000000003
District of Columbia,2009,20,125249,15.969999999999999
Florida,2009,800,4513647,17.72
Georgia,2009,456,2777234,16.419999999999998
Hawaii,2009,61,337593,18.07
Idaho,2009,78,472822,16.5
Illinois,2009,610,3509764,17.380000000000003
Indiana,2009,303,1809338,16.75
Iowa,2009,163,820403,19.87
Kansas,2009,151,806266,18.73
Kentucky,2009,210,1144346,18.35
Louisiana,2009,202,1251268,16.14
Maine,2009,53,315049,16.82
Maryland,2009,305,1518884,20.080000000000002
Massachusetts,2009,320,1628136,19.650000000000002
Michigan,2009,480,2682344,17.89
Minnesota,2009,280,1433773,19.53
Mississippi,2009,125,853197,14.65
Missouri,2009,267,1603978,16.650000000000002
Montana,2009,44,251745,17.48
Nebraska,2009,89,510372,17.44
Nevada,2009,122,736746,16.56
New Hampshire,2009,64,330126,19.39
New Jersey,2009,514,2297204,22.380000000000003
New Mexico,2009,87,576832,15.080000000000002
New York,2009,948,4922253,19.26
North Carolina,2009,413,2552467,16.180000000000003
North Dakota,2009,29,170889,16.97
Ohio,2009,526,3087465,17.040000000000003
Oklahoma,2009,174,1034601,16.82
Oregon,2009,160,972889,16.45
Pennsylvania,2009,604,3196745,18.89
Rhode Island,2009,44,264987,16.6
South Carolina,2009,173,1225444,14.12
South Dakota,2009,44,225225,19.540000000000003
Tennessee,2009,311,1674771,18.57
Texas,2009,1442,7543609,19.12
Utah,2009,169,949690,17.8
Vermont,2009,25,151791,16.47
Virginia,2009,323,2076842,15.55
Washington,2009,332,1763887,18.82
West Virginia,2009,89,440868,20.19
Wisconsin,2009,277,1507858,18.37
Wyoming,2009,29,151455,19.150000000000002
Alabama,2010,189,1273450,14.840000000000002
Alaska,2010,46,208454,22.07
Arizona,2010,329,1814489,18.130000000000003
Arkansas,2010,138,795709,17.34
California,2010,1928,10430475,18.48
Colorado,2010,248,1367000,18.14
Connecticut,2010,193,917055,21.05
Delaware,2010,43,233370,18.430000000000003
District of Columbia,2010,26,124175,20.94
Florida,2010,853,4503681,18.94
Georgia,2010,470,2781285,16.900000000000002
Hawaii,2010,56,338701,16.53
Idaho,2010,77,475457,16.19
Illinois,2010,637,3492547,18.240000000000002
Indiana,2010,342,1804429,18.95
Iowa,2010,148,821394,18.02
Kansas,2010,155,811974,19.09
Kentucky,2010,212,1146606,18.490000000000002
Louisiana,2010,214,1252622,17.080000000000002
Maine,2010,63,309962,20.330000000000002
Maryland,2010,224,1517852,14.76
Massachusetts,2010,299,1625172,18.400000000000002
Michigan,2010,526,2637956,19.94
Minnesota,2010,253,1432203,17.669999999999998
Mississippi,2010,134,846956,15.82
Missouri,2010,285,1599528,17.82
Montana,2010,51,251147,20.310000000000002
Nebraska,2010,106,513608,20.64
Nevada,2010,134,733539,18.27
New Hampshire,2010,73,325031,22.46
New Jersey,2010,452,2292103,19.72
New Mexico,2010,108,579948,18.62
New York,2010,981,4895434,20.040000000000003
North Carolina,2010,485,2560998,18.94
North Dakota,2010,27,172698,15.630000000000003
Ohio,2010,531,3060751,17.35
Oklahoma,2010,176,1042844,16.880000000000003
Oregon,2010,171,970863,17.61
Pennsylvania,2010,675,3174827,21.26
Rhode Island,2010,41,261481,15.680000000000001
South Carolina,2010,184,1222217,15.05
South Dakota,2010,29,227428,12.75
Tennessee,2010,280,1673849,16.73
Texas,2010,1483,7634449,19.430000000000003
Utah,2010,171,965012,17.72
Vermont,2010,25,150226,16.64
Virginia,2010,349,2086233,16.73
Washington,2010,318,1770242,17.96
West Virginia,2010,76,438496,17.330000000000002
Wisconsin,2010,264,1501575,17.580000000000002
Wyoming,2010,25,151449,16.51
Alabama,2011,196,1263895,15.51
Alaska,2011,47,208627,22.53
Arizona,2011,342,1795647,19.05
Arkansas,2011,128,793534,16.130000000000003
California,2011,1845,10370254,17.790000000000003
Colorado,2011,232,1374955,16.87
Connecticut,2011,175,915821,19.11
Delaware,2011,45,232502,19.35
District of Columbia,2011,25,126624,19.740000000000002
Florida,2011,856,4488437,19.07
Georgia,2011,493,2779227,17.740000000000002
Hawaii,2011,63,340886,18.48
Idaho,2011,81,475686,17.03
Illinois,2011,637,3467883,18.37
Indiana,2011,309,1795904,17.21
Iowa,2011,181,822275,22.01
Kansas,2011,143,812898,17.59
Kentucky,2011,229,1143121,20.03
Louisiana,2011,228,1246073,18.3
Maine,2011,68,306199,22.21
Maryland,2011,273,1520984,17.95
Massachusetts,2011,314,1626878,19.3
Michigan,2011,525,2603185,20.17
Minnesota,2011,251,1434697,17.490000000000002
Mississippi,2011,141,838698,16.81
Missouri,2011,286,1587236,18.02
Montana,2011,46,251443,18.290000000000003
Nebraska,2011,108,516752,20.900000000000002
Nevada,2011,113,724131,15.600000000000001
New Hampshire,2011,63,322239,19.55
New Jersey,2011,475,2293748,20.71
New Mexico,2011,92,579073,15.89
New York,2011,972,4888061,19.89
North Carolina,2011,461,2557053,18.03
North Dakota,2011,28,175850,15.92
Ohio,2011,519,3031650,17.12
Oklahoma,2011,179,1044976,17.130000000000003
Oregon,2011,198,967433,20.47
Pennsylvania,2011,644,3157064,20.400000000000002
Rhode Island,2011,54,259067,20.840000000000003
South Carolina,2011,204,1213760,16.81
South Dakota,2011,38,228717,16.61
Tennessee,2011,328,1668551,19.66
Texas,2011,1512,7693071,19.650000000000002
Utah,2011,188,971379,19.35
Vermont,2011,24,149750,16.03
Virginia,2011,327,2092221,15.630000000000003
Washington,2011,339,1770867,19.14
West Virginia,2011,83,435292,19.07
Wisconsin,2011,252,1496185,16.84
Wyoming,2011,21,150865,13.92
Alabama,2012,215,1257483,17.1
Alaska,2012,42,207844,20.21
Arizona,2012,339,1790431,18.930000000000003
Arkansas,2012,120,791147,15.17
California,2012,1888,10317070,18.3
Colorado,2012,249,1378145,18.07
Connecticut,2012,178,910496,19.55
Delaware,2012,52,232066,22.41
District of Columbia,2012,16,130042,12.3
Florida,2012,850,4486969,18.94
Georgia,2012,490,2779149,17.630000000000003
Hawaii,2012,55,343216,16.02
Idaho,2012,90,475563,18.919999999999998
Illinois,2012,601,3437783,17.48
Indiana,2012,346,1784361,19.39
Iowa,2012,152,820668,18.52
Kansas,2012,171,812823,21.040000000000003
Kentucky,2012,221,1138332,19.41
Louisiana,2012,221,1241363,17.8
Maine,2012,55,302137,18.2
Maryland,2012,250,1521070,16.44
Massachusetts,2012,317,1625373,19.5
Michigan,2012,539,2573737,20.94
Minnesota,2012,304,1431778,21.230000000000004
Mississippi,2012,129,831266,15.52
Missouri,2012,271,1574173,17.22
Montana,2012,47,250791,18.740000000000002
Nebraska,2012,112,518988,21.580000000000002
Nevada,2012,115,721354,15.940000000000001
New Hampshire,2012,63,317921,19.82
New Jersey,2012,459,2285979,20.080000000000002
New Mexico,2012,82,574742,14.27
New York,2012,1022,4876123,20.96
North Carolina,2012,461,2553139,18.06
North Dakota,2012,20,180928,11.05
Ohio,2012,518,3003532,17.25
Oklahoma,2012,181,1047147,17.290000000000003
Oregon,2012,195,962738,20.25
Pennsylvania,2012,629,3135457,20.060000000000002
Rhode Island,2012,56,257106,21.78
South Carolina,2012,189,1210232,15.62
South Dakota,2012,37,229822,16.1
Tennessee,2012,306,1668708,18.34
Texas,2012,1519,7752093,19.590000000000003
Utah,2012,182,977592,18.62
Vermont,2012,21,148122,14.180000000000001
Virginia,2012,313,2100329,14.9
Washington,2012,342,1771021,19.310000000000002
West Virginia,2012,75,433159,17.31
Wisconsin,2012,292,1487603,19.630000000000003
Wyoming,2012,25,151943,16.45
Alabama,2013,217,1252409,17.330000000000002
Alaska,2013,37,207699,17.81
Arizona,2013,300,1787090,16.790000000000003
Arkansas,2013,131,788196,16.62
California,2013,1885,10281356,18.330000000000002
Colorado,2013,252,1383194,18.22
Connecticut,2013,180,900260,19.990000000000002
Delaware,2013,29,230950,12.56
District of Columbia,2013,33,133659,24.69
Florida,2013,854,4504408,18.96
Georgia,2013,511,2776752,18.400000000000002
Hawaii,2013,64,345374,18.53
Idaho,2013,89,477668,18.630000000000003
Illinois,2013,647,3406313,18.990000000000002
Indiana,2013,312,1781561,17.51
Iowa,2013,164,823432,19.92
Kansas,2013,162,811514,19.96
Kentucky,2013,213,1138299,18.71
Louisiana,2013,204,1238745,16.47
Maine,2013,57,298489,19.1
Maryland,2013,273,1519545,17.97
Massachusetts,2013,284,1624173,17.490000000000002
Michigan,2013,452,2549860,17.73
Minnesota,2013,275,1432396,19.200000000000003
Mississippi,2013,130,824720,15.76
Missouri,2013,277,1564946,17.7
Montana,2013,33,252195,13.090000000000002
Nebraska,2013,105,521700,20.130000000000003
Nevada,2013,105,722574,14.530000000000001
New Hampshire,2013,55,313453,17.55
New Jersey,2013,461,2277452,20.240000000000002
New Mexico,2013,88,570265,15.430000000000001
New York,2013,1053,4861824,21.66
North Carolina,2013,417,2550293,16.35
North Dakota,2013,32,187543,17.06
Ohio,2013,601,2989139,20.11
Oklahoma,2013,182,1054508,17.26
Oregon,2013,166,958401,17.32
Pennsylvania,2013,633,3114308,20.330000000000002
Rhode Island,2013,43,254772,16.880000000000003
South Carolina,2013,202,1207716,16.73
South Dakota,2013,41,231477,17.71
Tennessee,2013,293,1668674,17.56
Texas,2013,1518,7817791,19.42
Utah,2013,187,989314,18.900000000000002
Vermont,2013,19,146557,12.96
Virginia,2013,343,2103307,16.31
Washington,2013,319,1775480,17.97
West Virginia,2013,82,431181,19.02
Wisconsin,2013,259,1480016,17.5
Wyoming,2013,25,153450,16.290000000000003
Alabama,2014,234,1248641,18.740000000000002
Alaska,2014,27,205939,13.11
Arizona,2014,328,1789283,18.330000000000002
Arkansas,2014,156,786190,19.840000000000003
California,2014,1990,10252905,19.41
Colorado,2014,271,1391463,19.480000000000004
Connecticut,2014,165,891933,18.5
Delaware,2014,49,230509,21.26
District of Columbia,2014,21,136274,15.41
Florida,2014,968,4531200,21.36
Georgia,2014,502,2781718,18.05
Hawaii,2014,61,344980,17.680000000000003
Idaho,2014,75,481871,15.56
Illinois,2014,645,3373212,19.12
Indiana,2014,315,1777906,17.72
Iowa,2014,180,827077,21.76
Kansas,2014,154,810326,19
Kentucky,2014,218,1135044,19.21
Louisiana,2014,211,1238097,17.040000000000003
Maine,2014,60,295821,20.28
Maryland,2014,269,1523016,17.66
Massachusetts,2014,289,1622378,17.81
Michigan,2014,477,2529247,18.86
Minnesota,2014,278,1436779,19.35
Mississippi,2014,128,818840,15.630000000000003
Missouri,2014,272,1558653,17.45
Montana,2014,52,253167,20.540000000000003
Nebraska,2014,96,525169,18.28
Nevada,2014,135,726108,18.59
New Hampshire,2014,80,309760,25.830000000000002
New Jersey,2014,475,2272038,20.91
New Mexico,2014,88,564091,15.600000000000001
New York,2014,1021,4841587,21.090000000000003
North Carolina,2014,462,2548178,18.130000000000003
North Dakota,2014,23,193227,11.9
Ohio,2014,528,2978111,17.73
Oklahoma,2014,163,1059384,15.39
Oregon,2014,192,961229,19.97
Pennsylvania,2014,589,3098898,19.01
Rhode Island,2014,54,253160,21.330000000000002
South Carolina,2014,192,1211114,15.850000000000001
South Dakota,2014,50,233122,21.450000000000003
Tennessee,2014,339,1671080,20.290000000000003
Texas,2014,1540,7912748,19.46
Utah,2014,176,997232,17.650000000000002
Vermont,2014,29,144881,20.02
Virginia,2014,356,2104566,16.919999999999998
Washington,2014,368,1784637,20.62
West Virginia,2014,86,429157,20.040000000000003
Wisconsin,2014,293,1472985,19.89
Wyoming,2014,29,153271,18.919999999999998
Alabama,2015,254,1248676,20.340000000000003
Alaska,2015,38,204804,18.55
Arizona,2015,373,1791893,20.82
Arkansas,2015,138,786084,17.56
California,2015,2048,10233713,20.01
Colorado,2015,255,1403855,18.16
Connecticut,2015,162,882614,18.35
Delaware,2015,48,230905,20.790000000000003
District of Columbia,2015,25,139086,17.97
Florida,2015,1002,4581732,21.87
Georgia,2015,536,2794532,19.180000000000003
Hawaii,2015,61,346311,17.61
Idaho,2015,90,486202,18.51
Illinois,2015,631,3343564,18.87
Indiana,2015,355,1774241,20.01
Iowa,2015,179,829347,21.580000000000002
Kansas,2015,158,809232,19.52
Kentucky,2015,232,1134815,20.44
Louisiana,2015,253,1239760,20.41
Maine,2015,63,292512,21.540000000000003
Maryland,2015,268,1524205,17.580000000000002
Massachusetts,2015,311,1618344,19.22
Michigan,2015,428,2509250,17.06
Minnesota,2015,292,1439988,20.28
Mississippi,2015,121,813225,14.880000000000003
Missouri,2015,318,1555601,20.44
Montana,2015,35,254337,13.76
Nebraska,2015,89,528928,16.830000000000002
Nevada,2015,158,732874,21.560000000000002
New Hampshire,2015,61,306314,19.91
New Jersey,2015,442,2266048,19.51
New Mexico,2015,106,559459,18.95
New York,2015,1038,4827598,21.5
North Carolina,2015,496,2551335,19.44
North Dakota,2015,36,199288,18.06
Ohio,2015,624,2967885,21.03
Oklahoma,2015,186,1067368,17.430000000000003
Oregon,2015,204,965333,21.130000000000003
Pennsylvania,2015,632,3085612,20.480000000000004
Rhode Island,2015,51,252093,20.230000000000004
South Carolina,2015,202,1219204,16.57
South Dakota,2015,31,234114,13.240000000000002
Tennessee,2015,288,1676382,17.180000000000003
Texas,2015,1600,8019632,19.950000000000003
Utah,2015,203,1007330,20.150000000000002
Vermont,2015,29,143788,20.17
Virginia,2015,350,2108455,16.6
Washington,2015,379,1799406,21.060000000000002
West Virginia,2015,71,426250,16.66
Wisconsin,2015,260,1467155,17.72
Wyoming,2015,22,154488,14.240000000000002
Alabama,2016,280,1250345,22.39
Alaska,2016,27,205548,13.14
Arizona,2016,309,1797187,17.19
Arkansas,2016,135,786350,17.169999999999998
California,2016,1953,10202315,19.14
Colorado,2016,238,1412146,16.85
Connecticut,2016,173,874610,19.78
Delaware,2016,48,231657,20.72
District of Columbia,2016,23,140610,16.36
Florida,2016,962,4649027,20.69
Georgia,2016,543,2812879,19.3
Hawaii,2016,56,346611,16.16
Idaho,2016,92,493223,18.650000000000002
Illinois,2016,672,3315189,20.27
Indiana,2016,342,1775628,19.26
Iowa,2016,174,831639,20.92
Kansas,2016,146,807121,18.09
Kentucky,2016,236,1135568,20.78
Louisiana,2016,200,1241897,16.1
Maine,2016,62,290843,21.32
Maryland,2016,272,1527292,17.81
Massachusetts,2016,315,1615181,19.5
Michigan,2016,491,2498450,19.650000000000002
Minnesota,2016,276,1448841,19.05
Mississippi,2016,149,808861,18.419999999999998
Missouri,2016,307,1553547,19.76
Montana,2016,50,256079,19.53
Nebraska,2016,109,533410,20.430000000000003
Nevada,2016,151,741114,20.37
New Hampshire,2016,54,304051,17.76
New Jersey,2016,487,2264110,21.51
New Mexico,2016,88,555921,15.830000000000002
New York,2016,999,4812427,20.76
North Carolina,2016,523,2566852,20.380000000000003
North Dakota,2016,33,200724,16.44
Ohio,2016,543,2959565,18.35
Oklahoma,2016,202,1070792,18.86
Oregon,2016,171,974379,17.55
Pennsylvania,2016,629,3075303,20.450000000000003
Rhode Island,2016,46,251553,18.290000000000003
South Carolina,2016,219,1227031,17.85
South Dakota,2016,44,236506,18.6
Tennessee,2016,317,1684191,18.82
Texas,2016,1594,8109784,19.66
Utah,2016,189,1022229,18.490000000000002
Vermont,2016,27,142312,18.97
Virginia,2016,364,2115887,17.2
Washington,2016,372,1823033,20.41
West Virginia,2016,77,422540,18.22
Wisconsin,2016,290,1462315,19.830000000000002
Wyoming,2016,33,153696,21.47
Alabama,2017,223,1250946,17.830000000000002
Alaska,2017,42,204175,20.57
Arizona,2017,323,1796263,17.98
Arkansas,2017,141,786133,17.94
California,2017,1825,10167604,17.95
Colorado,2017,282,1415360,19.92
Connecticut,2017,176,868255,20.27
Delaware,2017,54,232360,23.240000000000002
District of Columbia,2017,23,143845,15.990000000000002
Florida,2017,929,4699258,19.77
Georgia,2017,514,2823263,18.21
Hawaii,2017,58,345684,16.78
Idaho,2017,92,500960,18.36
Illinois,2017,642,3286354,19.540000000000003
Indiana,2017,300,1775983,16.89
Iowa,2017,169,833605,20.27
Kansas,2017,158,803765,19.66
Kentucky,2017,257,1137648,22.590000000000003
Louisiana,2017,186,1236712,15.040000000000001
Maine,2017,76,288917,26.310000000000002
Maryland,2017,256,1530203,16.73
Massachusetts,2017,320,1615467,19.810000000000002
Michigan,2017,424,2488648,17.040000000000003
Minnesota,2017,309,1458066,21.19
Mississippi,2017,131,803635,16.3
Missouri,2017,245,1552493,15.780000000000001
Montana,2017,62,257790,24.05
Nebraska,2017,109,536746,20.310000000000002
Nevada,2017,135,748809,18.03
New Hampshire,2017,66,302032,21.85
New Jersey,2017,457,2267593,20.150000000000002
New Mexico,2017,80,551507,14.51
New York,2017,1028,4793336,21.450000000000003
North Carolina,2017,453,2577649,17.57
North Dakota,2017,30,201754,14.87
Ohio,2017,538,2957947,18.19
Oklahoma,2017,172,1068531,16.1
Oregon,2017,218,977998,22.290000000000003
Pennsylvania,2017,604,3070702,19.67
Rhode Island,2017,56,250190,22.380000000000003
South Carolina,2017,215,1234529,17.419999999999998
South Dakota,2017,40,239129,16.73
Tennessee,2017,312,1693678,18.419999999999998
Texas,2017,1552,8172127,18.990000000000002
Utah,2017,227,1034205,21.950000000000003
Vermont,2017,35,141447,24.740000000000002
Virginia,2017,343,2122008,16.16
Washington,2017,368,1843601,19.96
West Virginia,2017,81,417913,19.380000000000003
Wisconsin,2017,283,1459797,19.39
Wyoming,2017,26,151087,17.21
Alabama,2018,206,1252711,16.44
Alaska,2018,38,201668,18.84
Arizona,2018,373,1798459,20.740000000000002
Arkansas,2018,132,785004,16.82
California,2018,1890,10112152,18.69
Colorado,2018,257,1419870,18.1
Connecticut,2018,160,863084,18.540000000000003
Delaware,2018,56,233129,24.02
District of Columbia,2018,23,145505,15.81
Florida,2018,956,4733157,20.200000000000003
Georgia,2018,526,2830815,18.580000000000002
Hawaii,2018,64,344436,18.580000000000002
Idaho,2018,76,505845,15.02
Illinois,2018,643,3256090,19.75
Indiana,2018,320,1780428,17.97
Iowa,2018,136,832601,16.330000000000002
Kansas,2018,151,800803,18.86
Kentucky,2018,247,1137678,21.71
Louisiana,2018,244,1230763,19.830000000000002
Maine,2018,63,287145,21.94
Maryland,2018,257,1532381,16.77
Massachusetts,2018,301,1612332,18.669999999999998
Michigan,2018,488,2474790,19.72
Minnesota,2018,304,1464481,20.76
Mississippi,2018,119,795615,14.96
Missouri,2018,269,1550648,17.35
Montana,2018,55,257958,21.32
Nebraska,2018,119,539119,22.07
Nevada,2018,155,757376,20.47
New Hampshire,2018,66,299433,22.040000000000003
New Jersey,2018,451,2270116,19.87
New Mexico,2018,88,546545,16.1
New York,2018,1024,4775888,21.44
North Carolina,2018,445,2587851,17.2
North Dakota,2018,32,204069,15.680000000000001
Ohio,2018,554,2950452,18.78
Oklahoma,2018,185,1067039,17.34
Oregon,2018,176,976166,18.03
Pennsylvania,2018,574,3068334,18.71
Rhode Island,2018,56,250154,22.39
South Carolina,2018,204,1240967,16.44
South Dakota,2018,35,239945,14.590000000000002
Tennessee,2018,259,1702308,15.21
Texas,2018,1614,8214114,19.650000000000002
Utah,2018,217,1041649,20.830000000000002
Vermont,2018,26,140343,18.53
Virginia,2018,344,2126146,16.180000000000003
Washington,2018,357,1854373,19.25
West Virginia,2018,88,413894,21.26
Wisconsin,2018,285,1456227,19.57
Wyoming,2018,27,149513,18.06
Alabama,2019,189,1253568,15.080000000000002
Alaska,2019,35,198830,17.6
Arizona,2019,347,1801368,19.26
Arkansas,2019,131,782773,16.740000000000002
California,2019,1785,10031937,17.790000000000003
Colorado,2019,261,1416055,18.430000000000003
Connecticut,2019,142,855498,16.6
Delaware,2019,36,233721,15.4
District of Columbia,2019,28,146302,19.14
Florida,2019,975,4746306,20.540000000000003
Georgia,2019,483,2837249,17.02
Hawaii,2019,46,341921,13.450000000000001
Idaho,2019,87,511615,17
Illinois,2019,626,3223324,19.42
Indiana,2019,279,1781041,15.66
Iowa,2019,151,832460,18.14
Kansas,2019,146,796945,18.32
Kentucky,2019,233,1135826,20.51
Louisiana,2019,214,1224395,17.48
Maine,2019,61,286366,21.3
Maryland,2019,293,1534455,19.09
Massachusetts,2019,310,1604026,19.330000000000002
Michigan,2019,393,2457921,15.990000000000002
Minnesota,2019,295,1468262,20.090000000000003
Mississippi,2019,112,788554,14.200000000000001
Missouri,2019,266,1548077,17.180000000000003
Montana,2019,49,258216,18.98
Nebraska,2019,107,540054,19.810000000000002
Nevada,2019,137,764771,17.91
New Hampshire,2019,58,297332,19.51
New Jersey,2019,426,2270780,18.76
New Mexico,2019,102,542570,18.8
New York,2019,941,4750606,19.810000000000002
North Carolina,2019,469,2592554,18.09
North Dakota,2019,36,206283,17.45
Ohio,2019,589,2942255,20.02
Oklahoma,2019,205,1066104,19.230000000000004
Oregon,2019,173,973039,17.78
Pennsylvania,2019,624,3055348,20.42
Rhode Island,2019,42,248668,16.89
South Carolina,2019,198,1246902,15.880000000000003
South Dakota,2019,37,240963,15.36
Tennessee,2019,289,1705352,16.95
Texas,2019,1570,8258161,19.01
Utah,2019,204,1046127,19.5
Vermont,2019,28,139309,20.1
Virginia,2019,412,2130427,19.340000000000003
Washington,2019,373,1862282,20.03
West Virginia,2019,84,409661,20.5
Wisconsin,2019,269,1451315,18.53
Wyoming,2019,27,148453,18.19
Alabama,2020,201,1252961,16.040000000000003
Alaska,2020,33,196833,16.77
Arizona,2020,322,1797655,17.91
Arkansas,2020,122,779232,15.66
California,2020,1745,9911839,17.61
Colorado,2020,268,1407914,19.040000000000003
Connecticut,2020,173,846366,20.44
Delaware,2020,43,233989,18.380000000000003
District of Columbia,2020,31,138609,22.37
Florida,2020,915,4752216,19.25
Georgia,2020,518,2826070,18.330000000000002
Hawaii,2020,51,337555,15.11
Idaho,2020,80,515584,15.52
Illinois,2020,587,3177225,18.48
Iowa,2020,143,828838,17.25
Kansas,2020,133,790997,16.81
Kentucky,2020,204,1130680,18.040000000000003
Louisiana,2020,199,1212086,16.419999999999998
Maine,2020,65,284217,22.87
Maryland,2020,254,1527500,16.630000000000003
Massachusetts,2020,272,1578332,17.23
Michigan,2020,369,2433725,15.16
Minnesota,2020,266,1464734,18.16
Mississippi,2020,98,778277,12.590000000000002
Missouri,2020,246,1541203,15.96
Montana,2020,38,258917,14.680000000000001
Nebraska,2020,88,539091,16.32
Nevada,2020,137,766006,17.880000000000003
New Hampshire,2020,58,294342,19.700000000000003
New Jersey,2020,427,2262277,18.87
New Mexico,2020,74,537034,13.780000000000001
New York,2020,920,4694118,19.6
North Carolina,2020,445,2578660,17.26
North Dakota,2020,30,207554,14.450000000000001
Ohio,2020,523,2921500,17.900000000000002
Oklahoma,2020,173,1064162,16.26
Oregon,2020,178,966858,18.41
Pennsylvania,2020,542,3035112,17.86
Rhode Island,2020,40,246410,16.23
South Carolina,2020,186,1247280,14.91
South Dakota,2020,45,241136,18.66
Tennessee,2020,287,1704955,16.830000000000002
Texas,2020,1506,8273250,18.2
Utah,2020,218,1046391,20.830000000000002
Vermont,2020,32,137886,23.21
Virginia,2020,340,2125043,16
Washington,2020,361,1863741,19.37
West Virginia,2020,85,404838,21
Wisconsin,2020,253,1440144,17.57
Wyoming,2020,37,147897,25.02
Alabama,2021,156,1248432,12.5
Alaska,2021,31,194628,15.930000000000001
Arizona,2021,321,1780190,18.03
Arkansas,2021,134,775555,17.28
California,2021,1682,9634165,17.46
Colorado,2021,235,1383151,16.990000000000002
Connecticut,2021,161,844666,19.06
Delaware,2021,39,233207,16.72
District of Columbia,2021,27,144769,18.650000000000002
Florida,2021,947,4738889,19.980000000000004
Georgia,2021,507,2798271,18.12
Hawaii,2021,51,332166,15.350000000000001
Idaho,2021,89,522511,17.03
Illinois,2021,561,3104921,18.07
Iowa,2021,148,821616,18.01
Kansas,2021,126,781045,16.130000000000003
Kentucky,2021,210,1118632,18.77
Louisiana,2021,196,1194046,16.41
Maine,2021,65,281786,23.07
Maryland,2021,213,1508622,14.12
Massachusetts,2021,276,1559168,17.7
Michigan,2021,366,2381859,15.37
Minnesota,2021,252,1446771,17.419999999999998
Mississippi,2021,123,767713,16.02
Missouri,2021,245,1529584,16.02
Montana,2021,42,259567,16.180000000000003
Nebraska,2021,104,533227,19.5
Nevada,2021,108,760646,14.200000000000001
New Hampshire,2021,55,289037,19.03
New Jersey,2021,462,2229840,20.72
New Mexico,2021,80,525590,15.219999999999999
New York,2021,944,4585904,20.580000000000002
North Carolina,2021,435,2578092,16.87
North Dakota,2021,37,207239,17.85
Ohio,2021,557,2872337,19.39
Oklahoma,2021,204,1061686,19.21
Oregon,2021,173,951929,18.169999999999998
Pennsylvania,2021,568,3017424,18.82
Rhode Island,2021,42,241949,17.36
South Carolina,2021,188,1246302,15.080000000000002
South Dakota,2021,41,241296,16.990000000000002
Tennessee,2021,346,1697511,20.380000000000003
Texas,2021,1557,8245806,18.880000000000003
Utah,2021,243,1042726,23.3
Vermont,2021,25,136128,18.37
Virginia,2021,273,2104377,12.969999999999999
Washington,2021,335,1829763,18.31
West Virginia,2021,67,399699,16.76
Wisconsin,2021,233,1409256,16.53
Wyoming,2021,16,146447,10.93
NA,NA,NA,NA,NA
NA,NA,NA,NA,NA
NA,NA,NA,NA,NA
NA,NA,NA,NA,NA
NA,NA,NA,NA,NA
NA,NA,NA,NA,NA
NA,NA,NA,NA,NA
NA,NA,NA,NA,NA
NA,NA,NA,NA,NA
NA,NA,NA,NA,NA
NA,NA,NA,NA,NA
NA,NA,NA,NA,NA
NA,NA,NA,NA,NA
NA,NA,NA,NA,NA
NA,NA,NA,NA,NA
NA,NA,NA,NA,NA
NA,NA,NA,NA,NA
NA,NA,NA,NA,NA
NA,NA,NA,NA,NA
NA,NA,NA,NA,NA
NA,NA,NA,NA,NA
NA,NA,NA,NA,NA
NA,NA,NA,NA,NA
NA,NA,NA,NA,NA
NA,NA,NA,NA,NA
NA,NA,NA,NA,NA
NA,NA,NA,NA,NA
NA,NA,NA,NA,NA
NA,NA,NA,NA,NA
NA,NA,NA,NA,NA
NA,NA,NA,NA,NA
NA,NA,NA,NA,NA
NA,NA,NA,NA,NA
NA,NA,NA,NA,NA
NA,NA,NA,NA,NA
NA,NA,NA,NA,NA
NA,NA,NA,NA,NA
NA,NA,NA,NA,NA
NA,NA,NA,NA,NA
NA,NA,NA,NA,NA
NA,NA,NA,NA,NA
NA,NA,NA,NA,NA
NA,NA,NA,NA,NA
NA,NA,NA,NA,NA
NA,NA,NA,NA,NA
NA,NA,NA,NA,NA
NA,NA,NA,NA,NA
